mID,mArg0,mArg1,mArg2,mProb
1,300008,코볼트,,3.9619
1,300008,하피,,3.9619
1,300008,놀 병사,,3.9619
1,300008,오크,,3.9619
1,300008,그렘린,,3.9619
1,300008,홉 고블린,,3.9619
1,300008,용아병,,3.9619
1,300008,좀비,,3.9619
1,300008,버섯돌이,,3.9619
1,300008,콜로복,,3.9619
1,300008,선인장,,3.9619
1,300008,갈색 곰,,3.9619
1,300008,놀 아처,,3.9619
1,300008,코볼트 아처,,3.9619
1,300008,식인늑대,,3.9618
1,300008,리자드맨,,3.9618
1,300008,군,,3.9618
1,300008,벌거숭이 군,,3.9618
1,300008,청개구리,,3.9618
1,300008,괴물게,,3.9618
1,300008,인퍼날,,0.8422
1,300008,버서커,,0.8422
1,300008,가고일,,0.8422
1,300008,데몬 스토커,,0.8422
1,300008,캐노네이드 키틴,,0.8422
1,300008,데몬,,0.8422
1,300008,러스트 뱀파이어,,0.8422
1,300008,뱀파이어 퀸,,0.8422
1,300008,데빌,,0.8422
1,300008,스켈레톤 나이트,,0.8422
1,300008,노움,,0.8422
1,300008,오크 전사,,0.8422
1,300008,트롤,,0.8422
1,300008,루움,,0.8421
1,300008,본보우 아크리언,,0.8421
1,300008,메테오스 레인저,,0.8421
1,300008,임프,,0.8421
1,300008,뱅갈 나이트,,0.8421
1,300008,바바야가,,0.8421
1,300008,메테오스 쉐도우,,0.8421
1,300008,트로글다이트,,0.8421
1,300008,곰인형,,0.8421
1,300008,문엘프 전사,,0.8421
1,300008,문엘프 마법사,,0.8421
1,300008,레프리컨,,0.0135
1,300008,몽크마스터,,0.0135
1,300008,래서 아스타로트,,0.0135
1,300008,드래곤 나이트,,0.0135
1,300008,노아스,,0.0135
1,300008,엘라임,,0.0135
1,300008,크루얼 크루세이더,,0.0135
1,300008,퓨리,,0.0135
1,300008,수호자 엘리엇,,0.0135
1,300008,래서 루시퍼,,0.0135
1,300008,드래곤 나이트 아처,,0.0135
1,300008,님로드 크루세이더,,0.0135
1,300008,광휘의 엘로라,,0.0135
1,300008,파이어 데몬,,0.0135
1,300008,슈리엘,,0.0135
1,300008,네크로맨서,,0.0134
1,300008,쉐이드 웨폰,,0.0134
1,300008,시아페,,0.0134
1,300008,골든 엠페러,,0.0134
1,300008,레이커,,0.0134
1,300008,타락한 엘프,,0.0134
1,300008,문라이트 네메시스,,0.0134
1,300008,가이아,,0.0134
1,300008,골든 엠페러 아처,,0.0134
1,300008,타락한 엘프 아처,,0.0134
1,300008,스핀들 네메시스,,0.0134
1,300008,가이아 거너,,0.0134
1,300008,차크람 소녀,,0.0134
1,300008,길가메쉬 나이트,,0.0134
1,300008,길가메쉬 아처,,0.0134
1,300008,바바리안,,0.0134
1,300008,에리세드,,0.0134
1,300008,글래디에이터,,0.0134
1,300008,아크데몬,,0.0134
1,300008,아수라,,0.0134
1,300008,헤라클레스,,0.0134
1,300008,라르카 집정관,,0.0134
1,300008,리치 킹,,0.0134
1,300008,황천의 기사,,0.0134
1,300008,황천의 레인저,,0.0134
1,300008,렉스,,0.0134
1,300009,코볼트,,3.9575
1,300009,하피,,3.9575
1,300009,놀 병사,,3.9575
1,300009,오크,,3.9575
1,300009,그렘린,,3.9575
1,300009,홉 고블린,,3.9575
1,300009,용아병,,3.9575
1,300009,좀비,,3.9575
1,300009,버섯돌이,,3.9575
1,300009,콜로복,,3.9575
1,300009,선인장,,3.9575
1,300009,갈색 곰,,3.9575
1,300009,놀 아처,,3.9574
1,300009,코볼트 아처,,3.9574
1,300009,식인늑대,,3.9574
1,300009,리자드맨,,3.9574
1,300009,군,,3.9574
1,300009,벌거숭이 군,,3.9574
1,300009,청개구리,,3.9574
1,300009,괴물게,,3.9574
1,300009,인퍼날,,0.8422
1,300009,버서커,,0.8422
1,300009,가고일,,0.8422
1,300009,데몬 스토커,,0.8422
1,300009,캐노네이드 키틴,,0.8422
1,300009,데몬,,0.8422
1,300009,러스트 뱀파이어,,0.8422
1,300009,뱀파이어 퀸,,0.8422
1,300009,데빌,,0.8422
1,300009,스켈레톤 나이트,,0.8422
1,300009,노움,,0.8422
1,300009,오크 전사,,0.8422
1,300009,트롤,,0.8422
1,300009,루움,,0.8421
1,300009,본보우 아크리언,,0.8421
1,300009,메테오스 레인저,,0.8421
1,300009,임프,,0.8421
1,300009,뱅갈 나이트,,0.8421
1,300009,바바야가,,0.8421
1,300009,메테오스 쉐도우,,0.8421
1,300009,트로글다이트,,0.8421
1,300009,곰인형,,0.8421
1,300009,문엘프 전사,,0.8421
1,300009,문엘프 마법사,,0.8421
1,300009,레프리컨,,0.0135
1,300009,몽크마스터,,0.0135
1,300009,래서 아스타로트,,0.0135
1,300009,드래곤 나이트,,0.0135
1,300009,노아스,,0.0135
1,300009,엘라임,,0.0135
1,300009,크루얼 크루세이더,,0.0135
1,300009,퓨리,,0.0135
1,300009,수호자 엘리엇,,0.0135
1,300009,래서 루시퍼,,0.0135
1,300009,드래곤 나이트 아처,,0.0135
1,300009,님로드 크루세이더,,0.0135
1,300009,광휘의 엘로라,,0.0135
1,300009,파이어 데몬,,0.0135
1,300009,슈리엘,,0.0135
1,300009,네크로맨서,,0.0134
1,300009,쉐이드 웨폰,,0.0134
1,300009,시아페,,0.0134
1,300009,골든 엠페러,,0.0134
1,300009,레이커,,0.0134
1,300009,타락한 엘프,,0.0134
1,300009,문라이트 네메시스,,0.0134
1,300009,가이아,,0.0134
1,300009,골든 엠페러 아처,,0.0134
1,300009,타락한 엘프 아처,,0.0134
1,300009,스핀들 네메시스,,0.0134
1,300009,가이아 거너,,0.0134
1,300009,차크람 소녀,,0.0134
1,300009,길가메쉬 나이트,,0.0134
1,300009,길가메쉬 아처,,0.0134
1,300009,바바리안,,0.0134
1,300009,에리세드,,0.0134
1,300009,글래디에이터,,0.0134
1,300009,아크데몬,,0.0134
1,300009,아수라,,0.0134
1,300009,헤라클레스,,0.0134
1,300009,라르카 집정관,,0.0134
1,300009,리치 킹,,0.0134
1,300009,황천의 기사,,0.0134
1,300009,황천의 레인저,,0.0134
1,300009,렉스,,0.0134
1,300009,메타트론 아처,,0.003
1,300009,메타트론,,0.003
1,300009,아폴론,,0.003
1,300009,아르테미스,,0.003
1,300009,크로노스,,0.003
1,300009,오페르시나,,0.003
1,300009,크로노스 아처,,0.003
1,300009,오페르시나 아처,,0.003
1,300009,비숍,,0.003
1,300009,에리스,,0.003
1,300009,암살단 암흑,,0.003
1,300009,넵튠,,0.003
1,300009,넵튠 아처,,0.0029
1,300009,암살단 칠흑,,0.0029
1,300009,네케브,,0.0029
1,300009,바알베크의 사령관,,0.0029
1,300009,유피테르의 사념,,0.0029
1,300009,엘사라드,,0.0029
1,300009,아바돈,,0.0029
1,300009,아누비스,,0.0029
1,300009,센티넬,,0.0029
1,300009,엠퍼사이저,,0.0029
1,300009,수라,,0.0029
1,300009,오페르시나 어쌔신,,0.0029
1,300009,메타트론 어쌔신,,0.0029
1,300009,넵튠 슬레이어,,0.0029
1,300009,암살단 일격,,0.0029
1,300009,바알베크의 집행관,,0.0029
1,300009,미드나잇 아르테미스,,0.0029
1,300009,휠카셀,,0.0029
2,0,코볼트,,3.25
2,0,하피,,3.25
2,0,놀 병사,,3.25
2,0,오크,,3.25
2,0,그렘린,,3.25
2,0,홉 고블린,,3.25
2,0,용아병,,3.25
2,0,좀비,,3.25
2,0,버섯돌이,,3.25
2,0,콜로복,,3.25
2,0,선인장,,3.25
2,0,갈색 곰,,3.25
2,0,놀 아처,,3.25
2,0,코볼트 아처,,3.25
2,0,식인늑대,,3.25
2,0,리자드맨,,3.25
2,0,군,,3.25
2,0,벌거숭이 군,,3.25
2,0,청개구리,,3.25
2,0,괴물게,,3.25
2,0,인퍼날,,1.425
2,0,버서커,,1.425
2,0,가고일,,1.425
2,0,데몬 스토커,,1.425
2,0,캐노네이드 키틴,,1.425
2,0,데몬,,1.425
2,0,러스트 뱀파이어,,1.425
2,0,뱀파이어 퀸,,1.425
2,0,데빌,,1.425
2,0,스켈레톤 나이트,,1.425
2,0,뮤,,0.8
2,0,노움,,1.425
2,0,오크 전사,,1.425
2,0,트롤,,1.425
2,0,루움,,1.425
2,0,본보우 아크리언,,1.425
2,0,메테오스 레인저,,1.425
2,0,임프,,1.425
2,0,뱅갈 나이트,,1.425
2,0,바바야가,,1.425
2,0,메테오스 쉐도우,,1.425
2,0,트로글다이트,,1.425
2,0,곰인형,,1.425
2,0,문엘프 전사,,1.425
2,0,문엘프 마법사,,1.425
2,1,인퍼날,,3.4249
2,1,버서커,,3.4249
2,1,가고일,,3.4249
2,1,데몬 스토커,,3.4249
2,1,캐노네이드 키틴,,3.4249
2,1,데몬,,3.4249
2,1,러스트 뱀파이어,,3.4249
2,1,뱀파이어 퀸,,3.4249
2,1,데빌,,3.4249
2,1,스켈레톤 나이트,,3.4249
2,1,뮤,,3.4249
2,1,노움,,3.4249
2,1,오크 전사,,3.4249
2,1,트롤,,3.4249
2,1,루움,,3.4249
2,1,본보우 아크리언,,3.4248
2,1,메테오스 레인저,,3.4248
2,1,임프,,3.4248
2,1,뱅갈 나이트,,3.4248
2,1,바바야가,,3.4248
2,1,메테오스 쉐도우,,3.4248
2,1,트로글다이트,,3.4248
2,1,곰인형,,3.4248
2,1,문엘프 전사,,3.4248
2,1,문엘프 마법사,,3.4248
2,1,레프리컨,,0.3219
2,1,몽크마스터,,0.3219
2,1,래서 아스타로트,,0.3219
2,1,드래곤 나이트,,0.3219
2,1,크루얼 크루세이더,,0.3219
2,1,퓨리,,0.3219
2,1,광휘의 엘윈더,,0.1764
2,1,수호자 엘리엇,,0.3219
2,1,래서 루시퍼,,0.3219
2,1,드래곤 나이트 아처,,0.3219
2,1,님로드 크루세이더,,0.3219
2,1,광휘의 엘로라,,0.3219
2,1,파이어 데몬,,0.3219
2,1,네크로맨서,,0.3219
2,1,쉐이드 웨폰,,0.3219
2,1,시아페,,0.3219
2,1,골든 엠페러,,0.3219
2,1,레이커,,0.3219
2,1,타락한 엘프,,0.3219
2,1,데스마스터,,0.1764
2,1,문라이트 네메시스,,0.3219
2,1,가이아,,0.3219
2,1,수호자 엘리시스,,0.1764
2,1,골든 엠페러 아처,,0.3219
2,1,타락한 엘프 아처,,0.3219
2,1,데스마스터 아처,,0.1764
2,1,스핀들 네메시스,,0.3219
2,1,가이아 거너,,0.3218
2,1,미드나잇 셀린느,,0.1764
2,1,캡틴 라이칸,,0.1764
2,1,프린세스,,0.1764
2,1,차크람 소녀,,0.3218
2,1,헌터 노바,,0.1764
2,1,길가메쉬 나이트,,0.3218
2,1,길가메쉬 아처,,0.3218
2,1,바바리안,,0.3218
2,1,에리세드,,0.3218
2,1,아스모데우스,,0.1764
2,1,글래디에이터,,0.3218
2,1,아크데몬,,0.3218
2,1,아수라,,0.3218
2,1,헤라클레스,,0.3218
2,1,라르카 집정관,,0.3218
2,1,리치 킹,,0.3218
2,1,황천의 기사,,0.3218
2,1,황천의 레인저,,0.3218
2,1,그룸프,,0.1764
2,1,캐서린,,0.1764
2,1,시에나,,0.1764
2,1,코사르,,0.1764
2,1,센토,,0.1764
2,2,레프리컨,,1.7452
2,2,몽크마스터,,1.7452
2,2,래서 아스타로트,,1.7452
2,2,드래곤 나이트,,1.7452
2,2,크루얼 크루세이더,,1.7452
2,2,퓨리,,1.7452
2,2,광휘의 엘윈더,,1.7452
2,2,수호자 엘리엇,,1.7451
2,2,래서 루시퍼,,1.7451
2,2,드래곤 나이트 아처,,1.7451
2,2,님로드 크루세이더,,1.7451
2,2,광휘의 엘로라,,1.7451
2,2,파이어 데몬,,1.7451
2,2,네크로맨서,,1.7451
2,2,쉐이드 웨폰,,1.7451
2,2,시아페,,1.7451
2,2,골든 엠페러,,1.7451
2,2,레이커,,1.7451
2,2,타락한 엘프,,1.7451
2,2,데스마스터,,1.7451
2,2,문라이트 네메시스,,1.7451
2,2,가이아,,1.7451
2,2,수호자 엘리시스,,1.7451
2,2,골든 엠페러 아처,,1.7451
2,2,타락한 엘프 아처,,1.7451
2,2,데스마스터 아처,,1.7451
2,2,스핀들 네메시스,,1.7451
2,2,가이아 거너,,1.7451
2,2,미드나잇 셀린느,,1.7451
2,2,캡틴 라이칸,,1.7451
2,2,프린세스,,1.7451
2,2,차크람 소녀,,1.7451
2,2,헌터 노바,,1.7451
2,2,길가메쉬 나이트,,1.7451
2,2,길가메쉬 아처,,1.7451
2,2,바바리안,,1.7451
2,2,에리세드,,1.7451
2,2,아스모데우스,,1.7451
2,2,글래디에이터,,1.7451
2,2,아크데몬,,1.7451
2,2,아수라,,1.7451
2,2,헤라클레스,,1.7451
2,2,라르카 집정관,,1.7451
2,2,리치 킹,,1.7451
2,2,황천의 기사,,1.7451
2,2,황천의 레인저,,1.7451
2,2,그룸프,,1.7451
2,2,캐서린,,1.7451
2,2,시에나,,1.7451
2,2,코사르,,1.7451
2,2,센토,,1.7451
2,2,다크 나이트,,0.1319
2,2,메타트론 아처,,0.2702
2,2,데빌헌터,,0.1319
2,2,메타트론,,0.2702
2,2,아폴론,,0.2702
2,2,아르테미스,,0.2702
2,2,다크 스팅어,,0.1319
2,2,엘더 스팅어,,0.1319
2,2,크로노스,,0.2702
2,2,오페르시나,,0.2702
2,2,크로노스 아처,,0.2702
2,2,오페르시나 아처,,0.2701
2,2,비숍,,0.2701
2,2,에리스,,0.2701
2,2,발키리,,0.1319
2,2,암살단 암흑,,0.2701
2,2,넵튠,,0.2701
2,2,넵튠 아처,,0.2701
2,2,암살단 칠흑,,0.2701
2,2,다크 메이지,,0.1319
2,2,네케브,,0.2701
2,2,바알베크의 사령관,,0.2701
2,2,유피테르의 사념,,0.2701
2,2,엘사라드,,0.2701
2,2,아바돈,,0.2701
2,2,아누비스,,0.2701
2,2,여신 칼리,,0.1319
2,2,센티넬,,0.2701
2,2,엠퍼사이저,,0.2701
2,2,각성한 라르카,,0.1319
2,2,스나이퍼 로즈레인,,0.1319
2,2,카오스 가디언,,0.1319
2,2,수라,,0.2701
2,2,베놈리퍼,,0.1319
2,2,다크 어쌔신,,0.1319
2,2,오페르시나 어쌔신,,0.2701
2,2,메타트론 어쌔신,,0.2701
2,2,넵튠 슬레이어,,0.2701
2,2,암살단 일격,,0.2701
2,2,바알베크의 집행관,,0.2701
2,2,미드나잇 아르테미스,,0.2701
2,2,이자벨,,0.1319
2,2,카를로스,,0.1319
2,2,미드나잇 에르메스,,0.1319
2,2,제롬,,0.1319
2,2,레오넬,,0.1319
2,2,아델리아,,0.1319
2,2,이안,,0.1319
2,2,팔란,,0.1319
2,2,리치 나이트,,0.1319
2,2,라르카 강궁병,,0.1319
2,2,릴리안,,0.1319
2,2,라르카 집행자,,0.1319
2,3,다크 나이트,,1.6982
2,3,메타트론 아처,,1.6982
2,3,데빌헌터,,1.6982
2,3,메타트론,,1.6982
2,3,아폴론,,1.6982
2,3,아르테미스,,1.6982
2,3,다크 스팅어,,1.6982
2,3,엘더 스팅어,,1.6982
2,3,크로노스,,1.6981
2,3,오페르시나,,1.6981
2,3,크로노스 아처,,1.6981
2,3,오페르시나 아처,,1.6981
2,3,비숍,,1.6981
2,3,에리스,,1.6981
2,3,발키리,,1.6981
2,3,암살단 암흑,,1.6981
2,3,넵튠,,1.6981
2,3,넵튠 아처,,1.6981
2,3,암살단 칠흑,,1.6981
2,3,다크 메이지,,1.6981
2,3,네케브,,1.6981
2,3,바알베크의 사령관,,1.6981
2,3,유피테르의 사념,,1.6981
2,3,엘사라드,,1.6981
2,3,아바돈,,1.6981
2,3,아누비스,,1.6981
2,3,여신 칼리,,1.6981
2,3,센티넬,,1.6981
2,3,엠퍼사이저,,1.6981
2,3,각성한 라르카,,1.6981
2,3,스나이퍼 로즈레인,,1.6981
2,3,카오스 가디언,,1.6981
2,3,수라,,1.6981
2,3,베놈리퍼,,1.6981
2,3,다크 어쌔신,,1.6981
2,3,오페르시나 어쌔신,,1.6981
2,3,메타트론 어쌔신,,1.6981
2,3,넵튠 슬레이어,,1.6981
2,3,암살단 일격,,1.6981
2,3,바알베크의 집행관,,1.6981
2,3,미드나잇 아르테미스,,1.6981
2,3,이자벨,,1.6981
2,3,카를로스,,1.6981
2,3,미드나잇 에르메스,,1.6981
2,3,제롬,,1.6981
2,3,레오넬,,1.6981
2,3,아델리아,,1.6981
2,3,이안,,1.6981
2,3,팔란,,1.6981
2,3,리치 나이트,,1.6981
2,3,라르카 강궁병,,1.6981
2,3,릴리안,,1.6981
2,3,라르카 집행자,,1.6981
2,3,인페르노,,0.5264
2,3,인페르노 아처,,0.5264
2,3,인페르노 위저드,,0.5263
2,3,벨켄,,0.5263
2,3,벨리타,,0.5263
2,3,호텐 플로츠,,0.5263
2,3,카를린,,0.5263
2,3,네드라스,,0.5263
2,3,바이스,,0.5263
2,3,크리스,,0.5263
2,3,인페르노 어쌔신,,0.5263
2,3,용 수호자 카발,,0.5263
2,3,용 수호자 엘리아,,0.5263
2,3,용 수호자 디트리오,,0.5263
2,3,용 수호자 셀라,,0.5263
2,3,바다의 헤라켄,,0.5263
2,3,바람의 유게네스,,0.5263
2,3,불꽃의 벨제뷔트,,0.5263
2,3,대지의 가이아스,,0.5263
2,4,벨켄,,4.7895
2,4,벨리타,,4.7895
2,4,호텐 플로츠,,4.7895
2,4,카를린,,4.7895
2,4,네드라스,,4.7895
2,4,바이스,,4.7895
2,4,크리스,,4.7895
2,4,인페르노 어쌔신,,4.7895
2,4,인페르노,,4.7895
2,4,인페르노 아처,,4.7895
2,4,인페르노 위저드,,4.7895
2,4,용 수호자 카발,,4.7895
2,4,용 수호자 엘리아,,4.7895
2,4,용 수호자 디트리오,,4.7895
2,4,용 수호자 셀라,,4.7894
2,4,바다의 헤라켄,,4.7894
2,4,바람의 유게네스,,4.7894
2,4,불꽃의 벨제뷔트,,4.7894
2,4,대지의 가이아스,,4.7894
2,4,그리헨텔,,1.125
2,4,그리헨텔 아처,,1.125
2,4,그리헨텔 위저드,,1.125
2,4,그리헨텔 어쌔신,,1.125
2,4,메테오스,,1.125
2,4,메테오스 아처,,1.125
2,4,메테오스 위저드,,1.125
2,4,메테오스 어쌔신,,1.125
3,0,캣시,,8.125
3,0,갈리,,8.125
3,0,코볼트,,8.125
3,0,로비어,,8.125
3,0,레무르,,8.125
3,0,맨드레이크,,8.125
3,0,넛츠,,8.125
3,0,스컬리,,8.125
3,0,뚱냥,,3.8
3,0,가고일,,3.8
3,0,와이번,,3.8
3,0,인형 테디,,3.8
3,0,인형 레비,,3.8
3,0,로간,,3.8
3,0,녹튜,,3.8
3,0,플라틀,,3.8
3,0,레이지,,0.8
3,0,맨드라퀸,,3.8
3,1,뚱냥,,8.3001
3,1,가고일,,8.3001
3,1,와이번,,8.3001
3,1,인형 테디,,8.3001
3,1,인형 레비,,8.3001
3,1,로간,,8.3001
3,1,녹튜,,8.3001
3,1,플라틀,,8.3001
3,1,레이지,,8.3
3,1,맨드라퀸,,8.3
3,1,이그리트,,0.8947
3,1,레비아탄,,0.8947
3,1,테이아,,0.8947
3,1,웬투스,,0.8947
3,1,루멘,,0.8947
3,1,칼리고,,0.8947
3,1,켈베로스,,0.8947
3,1,스피릿 매지션,,0.8947
3,1,엠퍼,,0.8947
3,1,팬텀,,0.8947
3,1,라이칸,,0.8947
3,1,미노타우르스,,0.8947
3,1,마법인형 벡,,0.8947
3,1,마법인형 알레브,,0.8947
3,1,혼돈의 유니콘,,0.8947
3,1,질서의 유니콘,,0.8947
3,1,그라둔,,0.8947
3,1,스핑크스,,0.8947
3,1,폴라베어,,0.8946
3,2,이그리트,,4.6843
3,2,레비아탄,,4.6843
3,2,테이아,,4.6842
3,2,웬투스,,4.6842
3,2,루멘,,4.6842
3,2,칼리고,,4.6842
3,2,켈베로스,,4.6842
3,2,스피릿 매지션,,4.6842
3,2,엠퍼,,4.6842
3,2,팬텀,,4.6842
3,2,라이칸,,4.6842
3,2,미노타우르스,,4.6842
3,2,마법인형 벡,,4.6842
3,2,마법인형 알레브,,4.6842
3,2,혼돈의 유니콘,,4.6842
3,2,질서의 유니콘,,4.6842
3,2,그라둔,,4.6842
3,2,스핑크스,,4.6842
3,2,폴라베어,,4.6842
3,2,쌍둥이 창병 폴,,0.4051
3,2,쌍둥이 창병 암,,0.4051
3,2,화염의 이그리트,,1.0907
3,2,심해의 레비아탄,,1.0907
3,2,황야의 테이아,,1.0907
3,2,돌풍의 웬투스,,1.0906
3,2,홍염의 루멘,,1.0906
3,2,월광의 칼리고,,1.0906
3,2,제천대성 오공,,0.4051
3,2,대지의 고일,,0.4051
3,2,라르카의 마법인형,,0.4051
3,2,듀라한,,0.4051
3,2,리치 퀸,,0.4051
3,2,스켈레톤 킹,,0.4051
3,2,지휘관 투랑카,,0.4051
3,2,추장 오크볼그,,0.4051
3,2,여왕 마브,,0.4051
3,3,쌍둥이 창병 폴,,5.2942
3,3,쌍둥이 창병 암,,5.2942
3,3,화염의 이그리트,,5.2942
3,3,심해의 레비아탄,,5.2942
3,3,황야의 테이아,,5.2942
3,3,돌풍의 웬투스,,5.2942
3,3,홍염의 루멘,,5.2942
3,3,월광의 칼리고,,5.2941
3,3,제천대성 오공,,5.2941
3,3,대지의 고일,,5.2941
3,3,라르카의 마법인형,,5.2941
3,3,듀라한,,5.2941
3,3,리치 퀸,,5.2941
3,3,스켈레톤 킹,,5.2941
3,3,지휘관 투랑카,,5.2941
3,3,추장 오크볼그,,5.2941
3,3,여왕 마브,,5.2941
3,3,마릿트,,0.7692
3,3,샤이탄,,0.7692
3,3,히들,,0.7692
3,3,크루햄,,0.7692
3,3,콘보,,0.7692
3,3,버터클,,0.7692
3,3,화타포스,,0.7692
3,3,벨제뷔트,,0.7692
3,3,아타락시아,,0.7692
3,3,백호,,0.7692
3,3,주작,,0.7692
3,3,청룡,,0.7692
3,3,현무,,0.7692
3,4,마릿트,,7
3,4,샤이탄,,7
3,4,히들,,7
3,4,크루햄,,7
3,4,콘보,,7
3,4,버터클,,7
3,4,화타포스,,7
3,4,벨제뷔트,,7
3,4,아타락시아,,7
3,4,백호,,7
3,4,주작,,7
3,4,청룡,,7
3,4,현무,,7
3,4,메테오스,,9
1,310003,코볼트,,3.9575
1,310003,하피,,3.9575
1,310003,놀 병사,,3.9575
1,310003,오크,,3.9575
1,310003,그렘린,,3.9575
1,310003,홉 고블린,,3.9575
1,310003,용아병,,3.9575
1,310003,좀비,,3.9575
1,310003,버섯돌이,,3.9575
1,310003,콜로복,,3.9575
1,310003,선인장,,3.9575
1,310003,갈색 곰,,3.9575
1,310003,놀 아처,,3.9574
1,310003,코볼트 아처,,3.9574
1,310003,식인늑대,,3.9574
1,310003,리자드맨,,3.9574
1,310003,군,,3.9574
1,310003,벌거숭이 군,,3.9574
1,310003,청개구리,,3.9574
1,310003,괴물게,,3.9574
1,310003,인퍼날,,0.8338
1,310003,버서커,,0.8338
1,310003,가고일,,0.8338
1,310003,데몬 스토커,,0.8338
1,310003,캐노네이드 키틴,,0.8338
1,310003,데몬,,0.8338
1,310003,러스트 뱀파이어,,0.8338
1,310003,뱀파이어 퀸,,0.8338
1,310003,데빌,,0.8337
1,310003,스켈레톤 나이트,,0.8337
1,310003,뮤,,0.2021
1,310003,노움,,0.8337
1,310003,오크 전사,,0.8337
1,310003,트롤,,0.8337
1,310003,루움,,0.8337
1,310003,본보우 아크리언,,0.8337
1,310003,메테오스 레인저,,0.8337
1,310003,임프,,0.8337
1,310003,뱅갈 나이트,,0.8337
1,310003,바바야가,,0.8337
1,310003,메테오스 쉐도우,,0.8337
1,310003,트로글다이트,,0.8337
1,310003,곰인형,,0.8337
1,310003,문엘프 전사,,0.8337
1,310003,문엘프 마법사,,0.8337
1,310003,레프리컨,,0.0101
1,310003,몽크마스터,,0.0101
1,310003,래서 아스타로트,,0.0101
1,310003,드래곤 나이트,,0.0101
1,310003,노아스,,0.0101
1,310003,엘라임,,0.0101
1,310003,크루얼 크루세이더,,0.0101
1,310003,퓨리,,0.0101
1,310003,광휘의 엘윈더,,0.0075
1,310003,수호자 엘리엇,,0.0101
1,310003,래서 루시퍼,,0.0101
1,310003,드래곤 나이트 아처,,0.0101
1,310003,님로드 크루세이더,,0.0101
1,310003,광휘의 엘로라,,0.0101
1,310003,파이어 데몬,,0.0101
1,310003,슈리엘,,0.0101
1,310003,네크로맨서,,0.0101
1,310003,쉐이드 웨폰,,0.0101
1,310003,시아페,,0.0101
1,310003,골든 엠페러,,0.0101
1,310003,레이커,,0.0101
1,310003,타락한 엘프,,0.0101
1,310003,데스마스터,,0.0075
1,310003,문라이트 네메시스,,0.0101
1,310003,가이아,,0.0101
1,310003,수호자 엘리시스,,0.0075
1,310003,골든 엠페러 아처,,0.0101
1,310003,타락한 엘프 아처,,0.0101
1,310003,데스마스터 아처,,0.0075
1,310003,스핀들 네메시스,,0.0101
1,310003,가이아 거너,,0.0101
1,310003,미드나잇 셀린느,,0.0075
1,310003,캡틴 라이칸,,0.0075
1,310003,프린세스,,0.0075
1,310003,차크람 소녀,,0.0101
1,310003,체인 인큐버스,,0.0022
1,310003,헌터 노바,,0.0075
1,310003,길가메쉬 나이트,,0.0101
1,310003,길가메쉬 아처,,0.0101
1,310003,바바리안,,0.01
1,310003,에리세드,,0.01
1,310003,아스모데우스,,0.0075
1,310003,글래디에이터,,0.01
1,310003,아크데몬,,0.01
1,310003,아수라,,0.01
1,310003,헤라클레스,,0.01
1,310003,라르카 집정관,,0.01
1,310003,리치 킹,,0.01
1,310003,황천의 기사,,0.01
1,310003,황천의 레인저,,0.01
1,310003,그룸프,,0.0075
1,310003,캐서린,,0.0075
1,310003,렉스,,0.0099
1,310003,나이트 오브 퀸,,0.0022
1,310003,나디아,,0.0022
1,310003,파이어 워크스,,0.0022
1,310003,시리아,,0.0022
1,310003,디아나,,0.0022
1,310003,트루디,,0.0022
1,310003,시에나,,0.0075
1,310003,코사르,,0.0075
1,310003,센토,,0.0075
1,310003,파시에,,0.0022
1,310003,베자렐,,0.0022
1,310003,벨라,,0.0022
1,310003,아니타,,0.0022
1,310003,카사,,0.0022
1,310003,캐스퍼,,0.0022
1,310003,베르디,,0.0022
1,310003,블러디 뱀파이어,,0.0022
1,310003,다크 나이트,,0.001
1,310003,메타트론 아처,,0.0021
1,310003,데빌헌터,,0.001
1,310003,메타트론,,0.0021
1,310003,아폴론,,0.0021
1,310003,이프리트,,0.0005
1,310003,아르테미스,,0.0021
1,310003,다크 스팅어,,0.001
1,310003,엘더 스팅어,,0.001
1,310003,듀라한,,0.0005
1,310003,크로노스,,0.002
1,310003,오페르시나,,0.002
1,310003,크로노스 아처,,0.002
1,310003,오페르시나 아처,,0.002
1,310003,비숍,,0.002
1,310003,에리스,,0.002
1,310003,발키리,,0.001
1,310003,암살단 암흑,,0.002
1,310003,넵튠,,0.002
1,310003,넵튠 아처,,0.002
1,310003,암살단 칠흑,,0.002
1,310003,다크 메이지,,0.001
1,310003,네케브,,0.002
1,310003,바알베크의 사령관,,0.002
1,310003,유피테르의 사념,,0.002
1,310003,엘사라드,,0.002
1,310003,아바돈,,0.002
1,310003,아누비스,,0.002
1,310003,여신 칼리,,0.001
1,310003,센티넬,,0.002
1,310003,엠퍼사이저,,0.002
1,310003,각성한 라르카,,0.001
1,310003,스나이퍼 로즈레인,,0.001
1,310003,카오스 가디언,,0.001
1,310003,수라,,0.002
1,310003,베놈리퍼,,0.001
1,310003,다크 어쌔신,,0.001
1,310003,오페르시나 어쌔신,,0.002
1,310003,메타트론 어쌔신,,0.002
1,310003,넵튠 슬레이어,,0.002
1,310003,암살단 일격,,0.002
1,310003,바알베크의 집행관,,0.002
1,310003,미드나잇 아르테미스,,0.002
1,310003,이자벨,,0.001
1,310003,카를로스,,0.001
1,310003,미드나잇 에르메스,,0.001
1,310003,제롬,,0.001
1,310003,휠카셀,,0.002
1,310003,엘로이,,0.0005
1,310003,레오넬,,0.001
1,310003,아델리아,,0.0009
1,310003,이안,,0.0009
1,310003,팔란,,0.0009
1,310003,로드 오브 아크리언,,0.0005
1,310003,릴리언스,,0.0005
1,310003,릴리아,,0.0005
1,310003,리치 나이트,,0.0009
1,310003,라르카 강궁병,,0.0009
1,310003,릴리안,,0.0009
1,310003,라르카 집행자,,0.0009
1,310003,러셀,,0.0005
1,310003,아레스 아처,,0.0005
1,310003,실피드,,0.0005
1,630300,인퍼날,,4.076
1,630300,버서커,,4.076
1,630300,가고일,,4.076
1,630300,데몬 스토커,,4.0759
1,630300,캐노네이드 키틴,,4.0759
1,630300,데몬,,4.0759
1,630300,러스트 뱀파이어,,4.0759
1,630300,뱀파이어 퀸,,4.0759
1,630300,데빌,,4.0759
1,630300,스켈레톤 나이트,,4.0759
1,630300,뮤,,0.9881
1,630300,노움,,4.0759
1,630300,오크 전사,,4.0759
1,630300,트롤,,4.0759
1,630300,루움,,4.0759
1,630300,본보우 아크리언,,4.0759
1,630300,메테오스 레인저,,4.0759
1,630300,임프,,4.0759
1,630300,뱅갈 나이트,,4.0759
1,630300,바바야가,,4.0759
1,630300,메테오스 쉐도우,,4.0759
1,630300,트로글다이트,,4.0759
1,630300,곰인형,,4.0759
1,630300,문엘프 전사,,4.0759
1,630300,문엘프 마법사,,4.0759
1,630300,레프리컨,,0.0202
1,630300,몽크마스터,,0.0202
1,630300,래서 아스타로트,,0.0202
1,630300,드래곤 나이트,,0.0202
1,630300,노아스,,0.0202
1,630300,엘라임,,0.0202
1,630300,크루얼 크루세이더,,0.0202
1,630300,퓨리,,0.0202
1,630300,광휘의 엘윈더,,0.015
1,630300,수호자 엘리엇,,0.0202
1,630300,래서 루시퍼,,0.0202
1,630300,드래곤 나이트 아처,,0.0202
1,630300,님로드 크루세이더,,0.0202
1,630300,광휘의 엘로라,,0.0202
1,630300,파이어 데몬,,0.0202
1,630300,슈리엘,,0.0202
1,630300,네크로맨서,,0.0202
1,630300,쉐이드 웨폰,,0.0202
1,630300,시아페,,0.0202
1,630300,골든 엠페러,,0.0202
1,630300,레이커,,0.0202
1,630300,타락한 엘프,,0.0202
1,630300,데스마스터,,0.015
1,630300,문라이트 네메시스,,0.0202
1,630300,가이아,,0.0202
1,630300,수호자 엘리시스,,0.015
1,630300,골든 엠페러 아처,,0.0202
1,630300,타락한 엘프 아처,,0.0202
1,630300,데스마스터 아처,,0.015
1,630300,스핀들 네메시스,,0.0202
1,630300,가이아 거너,,0.0202
1,630300,미드나잇 셀린느,,0.015
1,630300,캡틴 라이칸,,0.015
1,630300,프린세스,,0.015
1,630300,차크람 소녀,,0.0202
1,630300,체인 인큐버스,,0.0044
1,630300,헌터 노바,,0.015
1,630300,길가메쉬 나이트,,0.0202
1,630300,길가메쉬 아처,,0.0202
1,630300,바바리안,,0.02
1,630300,에리세드,,0.02
1,630300,아스모데우스,,0.015
1,630300,글래디에이터,,0.02
1,630300,아크데몬,,0.02
1,630300,아수라,,0.02
1,630300,헤라클레스,,0.02
1,630300,라르카 집정관,,0.02
1,630300,리치 킹,,0.02
1,630300,황천의 기사,,0.02
1,630300,황천의 레인저,,0.02
1,630300,그룸프,,0.015
1,630300,캐서린,,0.015
1,630300,렉스,,0.0198
1,630300,나이트 오브 퀸,,0.0044
1,630300,나디아,,0.0044
1,630300,파이어 워크스,,0.0044
1,630300,시리아,,0.0044
1,630300,디아나,,0.0044
1,630300,트루디,,0.0044
1,630300,시에나,,0.015
1,630300,코사르,,0.015
1,630300,센토,,0.015
1,630300,파시에,,0.0044
1,630300,베자렐,,0.0044
1,630300,벨라,,0.0044
1,630300,아니타,,0.0044
1,630300,카사,,0.0044
1,630300,캐스퍼,,0.0044
1,630300,베르디,,0.0044
1,630300,블러디 뱀파이어,,0.0044
1,630300,다크 나이트,,0.001
1,630300,메타트론 아처,,0.0021
1,630300,데빌헌터,,0.001
1,630300,메타트론,,0.0021
1,630300,아폴론,,0.002
1,630300,이프리트,,0.0006
1,630300,아르테미스,,0.002
1,630300,다크 스팅어,,0.001
1,630300,엘더 스팅어,,0.001
1,630300,듀라한,,0.0006
1,630300,크로노스,,0.002
1,630300,오페르시나,,0.002
1,630300,크로노스 아처,,0.002
1,630300,오페르시나 아처,,0.002
1,630300,비숍,,0.002
1,630300,에리스,,0.002
1,630300,발키리,,0.001
1,630300,암살단 암흑,,0.002
1,630300,넵튠,,0.002
1,630300,넵튠 아처,,0.002
1,630300,암살단 칠흑,,0.002
1,630300,다크 메이지,,0.001
1,630300,네케브,,0.002
1,630300,바알베크의 사령관,,0.002
1,630300,유피테르의 사념,,0.002
1,630300,엘사라드,,0.002
1,630300,아바돈,,0.002
1,630300,아누비스,,0.002
1,630300,여신 칼리,,0.001
1,630300,센티넬,,0.002
1,630300,엠퍼사이저,,0.002
1,630300,각성한 라르카,,0.001
1,630300,스나이퍼 로즈레인,,0.001
1,630300,카오스 가디언,,0.001
1,630300,수라,,0.002
1,630300,베놈리퍼,,0.001
1,630300,다크 어쌔신,,0.001
1,630300,오페르시나 어쌔신,,0.002
1,630300,메타트론 어쌔신,,0.002
1,630300,넵튠 슬레이어,,0.002
1,630300,암살단 일격,,0.002
1,630300,바알베크의 집행관,,0.002
1,630300,미드나잇 아르테미스,,0.002
1,630300,이자벨,,0.001
1,630300,카를로스,,0.001
1,630300,미드나잇 에르메스,,0.001
1,630300,제롬,,0.001
1,630300,휠카셀,,0.002
1,630300,엘로이,,0.0005
1,630300,레오넬,,0.001
1,630300,아델리아,,0.0009
1,630300,이안,,0.0009
1,630300,팔란,,0.0009
1,630300,로드 오브 아크리언,,0.0005
1,630300,릴리언스,,0.0005
1,630300,릴리아,,0.0005
1,630300,리치 나이트,,0.0009
1,630300,라르카 강궁병,,0.0009
1,630300,릴리안,,0.0009
1,630300,라르카 집행자,,0.0009
1,630300,러셀,,0.0005
1,630300,아레스 아처,,0.0005
1,630300,실피드,,0.0005
1,630013,레프리컨,,1.8136
1,630013,몽크마스터,,1.8136
1,630013,래서 아스타로트,,1.8136
1,630013,드래곤 나이트,,1.8135
1,630013,노아스,,1.8135
1,630013,엘라임,,1.8135
1,630013,크루얼 크루세이더,,1.8135
1,630013,퓨리,,1.8135
1,630013,광휘의 엘윈더,,1.3748
1,630013,수호자 엘리엇,,1.8135
1,630013,래서 루시퍼,,1.8135
1,630013,드래곤 나이트 아처,,1.8135
1,630013,님로드 크루세이더,,1.8135
1,630013,광휘의 엘로라,,1.8135
1,630013,파이어 데몬,,1.8135
1,630013,슈리엘,,1.8135
1,630013,네크로맨서,,1.8135
1,630013,쉐이드 웨폰,,1.8135
1,630013,시아페,,1.8135
1,630013,골든 엠페러,,1.8135
1,630013,레이커,,1.8135
1,630013,타락한 엘프,,1.8135
1,630013,데스마스터,,1.3748
1,630013,문라이트 네메시스,,1.8135
1,630013,가이아,,1.8135
1,630013,수호자 엘리시스,,1.3748
1,630013,골든 엠페러 아처,,1.8135
1,630013,타락한 엘프 아처,,1.8135
1,630013,데스마스터 아처,,1.3748
1,630013,스핀들 네메시스,,1.8135
1,630013,가이아 거너,,1.8135
1,630013,미드나잇 셀린느,,1.3748
1,630013,캡틴 라이칸,,1.3748
1,630013,프린세스,,1.3748
1,630013,차크람 소녀,,1.8135
1,630013,체인 인큐버스,,0.4266
1,630013,헌터 노바,,1.3748
1,630013,길가메쉬 나이트,,1.8135
1,630013,길가메쉬 아처,,1.8135
1,630013,바바리안,,1.8135
1,630013,에리세드,,1.8135
1,630013,아스모데우스,,1.3748
1,630013,글래디에이터,,1.8135
1,630013,아크데몬,,1.8135
1,630013,아수라,,1.8135
1,630013,헤라클레스,,1.8135
1,630013,라르카 집정관,,1.8135
1,630013,리치 킹,,1.8135
1,630013,황천의 기사,,1.8135
1,630013,황천의 레인저,,1.8135
1,630013,그룸프,,1.3748
1,630013,캐서린,,1.3748
1,630013,렉스,,1.8135
1,630013,나이트 오브 퀸,,0.4266
1,630013,나디아,,0.4266
1,630013,파이어 워크스,,0.4266
1,630013,시리아,,0.4266
1,630013,디아나,,0.4266
1,630013,트루디,,0.4266
1,630013,시에나,,1.3748
1,630013,코사르,,1.3748
1,630013,센토,,1.3748
1,630013,파시에,,0.4266
1,630013,베자렐,,0.4266
1,630013,벨라,,0.4266
1,630013,아니타,,0.4266
1,630013,카사,,0.4266
1,630013,캐스퍼,,0.4266
1,630013,베르디,,0.4266
1,630013,블러디 뱀파이어,,0.4266
1,630014,다크 나이트,,1.2242
1,630014,메타트론 아처,,2.1705
1,630014,데빌헌터,,1.2242
1,630014,메타트론,,2.1704
1,630014,아폴론,,2.1704
1,630014,이프리트,,0.6119
1,630014,아르테미스,,2.1704
1,630014,다크 스팅어,,1.2242
1,630014,엘더 스팅어,,1.2242
1,630014,듀라한,,0.6119
1,630014,크로노스,,2.1704
1,630014,오페르시나,,2.1704
1,630014,크로노스 아처,,2.1704
1,630014,오페르시나 아처,,2.1704
1,630014,비숍,,2.1704
1,630014,에리스,,2.1704
1,630014,발키리,,1.2242
1,630014,암살단 암흑,,2.1704
1,630014,넵튠,,2.1704
1,630014,넵튠 아처,,2.1704
1,630014,암살단 칠흑,,2.1704
1,630014,다크 메이지,,1.2242
1,630014,네케브,,2.1704
1,630014,바알베크의 사령관,,2.1704
1,630014,유피테르의 사념,,2.1704
1,630014,엘사라드,,2.1704
1,630014,아바돈,,2.1704
1,630014,아누비스,,2.1704
1,630014,여신 칼리,,1.2242
1,630014,센티넬,,2.1704
1,630014,엠퍼사이저,,2.1704
1,630014,각성한 라르카,,1.2242
1,630014,스나이퍼 로즈레인,,1.2242
1,630014,카오스 가디언,,1.2242
1,630014,수라,,2.1704
1,630014,베놈리퍼,,1.2242
1,630014,다크 어쌔신,,1.2242
1,630014,오페르시나 어쌔신,,2.1704
1,630014,메타트론 어쌔신,,2.1704
1,630014,넵튠 슬레이어,,2.1704
1,630014,암살단 일격,,2.1704
1,630014,바알베크의 집행관,,2.1704
1,630014,미드나잇 아르테미스,,2.1704
1,630014,이자벨,,1.2242
1,630014,카를로스,,1.2242
1,630014,미드나잇 에르메스,,1.2242
1,630014,제롬,,1.2242
1,630014,휠카셀,,2.1704
1,630014,엘로이,,0.6119
1,630014,레오넬,,1.2242
1,630014,아델리아,,1.2242
1,630014,이안,,1.2242
1,630014,팔란,,1.2242
1,630014,로드 오브 아크리언,,0.6119
1,630014,릴리언스,,0.6119
1,630014,릴리아,,0.6119
1,630014,리치 나이트,,1.2242
1,630014,라르카 강궁병,,1.2242
1,630014,릴리안,,1.2242
1,630014,라르카 집행자,,1.2242
1,630014,러셀,,0.6119
1,630014,아레스 아처,,0.6119
1,630014,실피드,,0.6119
1,630202,인퍼날,,4.0268
1,630202,버서커,,4.0268
1,630202,가고일,,4.0268
1,630202,데몬 스토커,,4.0268
1,630202,캐노네이드 키틴,,4.0268
1,630202,데몬,,4.0268
1,630202,러스트 뱀파이어,,4.0268
1,630202,뱀파이어 퀸,,4.0268
1,630202,데빌,,4.0268
1,630202,스켈레톤 나이트,,4.0268
1,630202,뮤,,0.9768
1,630202,노움,,4.0268
1,630202,오크 전사,,4.0268
1,630202,트롤,,4.0268
1,630202,루움,,4.0268
1,630202,본보우 아크리언,,4.0268
1,630202,메테오스 레인저,,4.0268
1,630202,임프,,4.0268
1,630202,뱅갈 나이트,,4.0268
1,630202,바바야가,,4.0268
1,630202,메테오스 쉐도우,,4.0268
1,630202,트로글다이트,,4.0268
1,630202,곰인형,,4.0268
1,630202,문엘프 전사,,4.0268
1,630202,문엘프 마법사,,4.0268
1,630202,레프리컨,,0.047
1,630202,몽크마스터,,0.047
1,630202,래서 아스타로트,,0.047
1,630202,드래곤 나이트,,0.047
1,630202,노아스,,0.047
1,630202,엘라임,,0.047
1,630202,크루얼 크루세이더,,0.047
1,630202,퓨리,,0.047
1,630202,광휘의 엘윈더,,0.0354
1,630202,수호자 엘리엇,,0.047
1,630202,래서 루시퍼,,0.047
1,630202,드래곤 나이트 아처,,0.0468
1,630202,님로드 크루세이더,,0.0468
1,630202,광휘의 엘로라,,0.0468
1,630202,파이어 데몬,,0.0468
1,630202,슈리엘,,0.0468
1,630202,네크로맨서,,0.0468
1,630202,쉐이드 웨폰,,0.0468
1,630202,시아페,,0.0468
1,630202,골든 엠페러,,0.0468
1,630202,레이커,,0.0468
1,630202,타락한 엘프,,0.0468
1,630202,데스마스터,,0.0354
1,630202,문라이트 네메시스,,0.0468
1,630202,가이아,,0.0468
1,630202,수호자 엘리시스,,0.0354
1,630202,골든 엠페러 아처,,0.0468
1,630202,타락한 엘프 아처,,0.0468
1,630202,데스마스터 아처,,0.0354
1,630202,스핀들 네메시스,,0.0468
1,630202,가이아 거너,,0.0468
1,630202,미드나잇 셀린느,,0.0354
1,630202,캡틴 라이칸,,0.0354
1,630202,프린세스,,0.0354
1,630202,차크람 소녀,,0.0468
1,630202,체인 인큐버스,,0.011
1,630202,헌터 노바,,0.0354
1,630202,길가메쉬 나이트,,0.0468
1,630202,길가메쉬 아처,,0.0468
1,630202,바바리안,,0.0468
1,630202,에리세드,,0.0468
1,630202,아스모데우스,,0.0354
1,630202,글래디에이터,,0.0468
1,630202,아크데몬,,0.0468
1,630202,아수라,,0.0468
1,630202,헤라클레스,,0.0468
1,630202,라르카 집정관,,0.0468
1,630202,리치 킹,,0.0468
1,630202,황천의 기사,,0.0468
1,630202,황천의 레인저,,0.0468
1,630202,다크 나이트,,0.0026
1,630202,메타트론 아처,,0.005
1,630202,데빌헌터,,0.0026
1,630202,메타트론,,0.005
1,630202,아폴론,,0.005
1,630202,이프리트,,0.0012
1,630202,아르테미스,,0.005
1,630202,다크 스팅어,,0.0026
1,630202,엘더 스팅어,,0.0026
1,630202,듀라한,,0.0012
1,630202,크로노스,,0.005
1,630202,오페르시나,,0.005
1,630202,크로노스 아처,,0.005
1,630202,오페르시나 아처,,0.005
1,630202,비숍,,0.005
1,630202,에리스,,0.005
1,630202,발키리,,0.0026
1,630202,암살단 암흑,,0.005
1,630202,넵튠,,0.005
1,630202,넵튠 아처,,0.005
1,630202,암살단 칠흑,,0.005
1,630202,다크 메이지,,0.0026
1,630202,네케브,,0.005
1,630202,바알베크의 사령관,,0.005
1,630202,유피테르의 사념,,0.005
1,630202,엘사라드,,0.005
1,630202,아바돈,,0.0048
1,630202,아누비스,,0.0048
1,630202,여신 칼리,,0.0026
1,630202,센티넬,,0.0048
1,630202,엠퍼사이저,,0.0048
1,630202,각성한 라르카,,0.0026
1,630202,스나이퍼 로즈레인,,0.0026
1,630202,카오스 가디언,,0.0026
1,630202,수라,,0.0048
1,630202,베놈리퍼,,0.0026
1,630202,다크 어쌔신,,0.0026
1,630202,오페르시나 어쌔신,,0.0048
1,630202,메타트론 어쌔신,,0.0048
1,630202,넵튠 슬레이어,,0.0048
1,630202,암살단 일격,,0.0048
1,630202,바알베크의 집행관,,0.0048
1,630202,미드나잇 아르테미스,,0.0048
1,630016,다크 나이트,,1.1898
1,630016,메타트론 아처,,2.4637
1,630016,데빌헌터,,1.1898
1,630016,메타트론,,2.4637
1,630016,아폴론,,2.4637
1,630016,아르테미스,,2.4637
1,630016,다크 스팅어,,1.1898
1,630016,엘더 스팅어,,1.1898
1,630016,크로노스,,2.4636
1,630016,오페르시나,,2.4636
1,630016,크로노스 아처,,2.4636
1,630016,오페르시나 아처,,2.4636
1,630016,비숍,,2.4636
1,630016,에리스,,2.4636
1,630016,발키리,,1.1898
1,630016,암살단 암흑,,2.4636
1,630016,넵튠,,2.4636
1,630016,넵튠 아처,,2.4636
1,630016,암살단 칠흑,,2.4636
1,630016,다크 메이지,,1.1898
1,630016,네케브,,2.4636
1,630016,바알베크의 사령관,,2.4636
1,630016,유피테르의 사념,,2.4636
1,630016,엘사라드,,2.4636
1,630016,아바돈,,2.4636
1,630016,아누비스,,2.4636
1,630016,여신 칼리,,1.1898
1,630016,센티넬,,2.4636
1,630016,엠퍼사이저,,2.4636
1,630016,각성한 라르카,,1.1898
1,630016,스나이퍼 로즈레인,,1.1898
1,630016,카오스 가디언,,1.1898
1,630016,수라,,2.4636
1,630016,베놈리퍼,,1.1898
1,630016,다크 어쌔신,,1.1898
1,630016,오페르시나 어쌔신,,2.4636
1,630016,메타트론 어쌔신,,2.4636
1,630016,넵튠 슬레이어,,2.4636
1,630016,암살단 일격,,2.4636
1,630016,바알베크의 집행관,,2.4636
1,630016,미드나잇 아르테미스,,2.4636
1,630016,이자벨,,1.1898
1,630016,카를로스,,1.1898
1,630016,미드나잇 에르메스,,1.1898
1,630016,제롬,,1.1898
1,630016,레오넬,,1.1898
1,630016,아델리아,,1.1898
1,630016,이안,,1.1898
1,630016,팔란,,1.1898
1,630016,리치 나이트,,1.1898
1,630016,라르카 강궁병,,1.1898
1,630016,릴리안,,1.1898
1,630016,라르카 집행자,,1.1898
1,630015,인페르노,,5.2632
1,630015,인페르노 아처,,5.2632
1,630015,인페르노 위저드,,5.2632
1,630015,벨켄,,5.2632
1,630015,벨리타,,5.2632
1,630015,호텐 플로츠,,5.2632
1,630015,카를린,,5.2632
1,630015,네드라스,,5.2632
1,630015,바이스,,5.2632
1,630015,크리스,,5.2632
1,630015,인페르노 어쌔신,,5.2632
1,630015,용 수호자 카발,,5.2631
1,630015,용 수호자 엘리아,,5.2631
1,630015,용 수호자 디트리오,,5.2631
1,630015,용 수호자 셀라,,5.2631
1,630015,바다의 헤라켄,,5.2631
1,630015,바람의 유게네스,,5.2631
1,630015,불꽃의 벨제뷔트,,5.2631
1,630015,대지의 가이아스,,5.2631
1,630017,그리헨텔,,12.5
1,630017,그리헨텔 아처,,12.5
1,630017,그리헨텔 위저드,,12.5
1,630017,그리헨텔 어쌔신,,12.5
1,630017,메테오스,,12.5
1,630017,메테오스 아처,,12.5
1,630017,메테오스 위저드,,12.5
1,630017,메테오스 어쌔신,,12.5
4,7000,,,37
4,7001,,,17
4,7002,,,12
4,7003,,,6
4,7004,,,5
4,7010,,,37
4,7011,,,17
4,7012,,,12
4,7013,,,6
4,7014,,,5
4,7020,,,37
4,7021,,,17
4,7022,,,12
4,7023,,,6
4,7024,,,5
4,7030,,,37
4,7031,,,17
4,7032,,,12
4,7033,,,6
4,7034,,,5
4,7040,,,37
4,7041,,,17
4,7042,,,12
4,7043,,,6
4,7044,,,5
5,,영혼석[전설] : 카를린,4,100
5,,영혼석[전설] : 인페르노,4,100
5,,영혼석[전설] : 벨켄,4,100
5,,영혼석[영웅] : 카를린,3,100
5,,영혼석[영웅] : 인페르노,3,100
5,,영혼석[영웅] : 벨켄,3,100
5,,영혼석[영웅] : 각성한 라르카,3,100
5,,영혼석[영웅] : 다크 나이트,3,100
5,,영혼석[영웅] : 발키리,3,100
5,,영혼석[영웅] : 여신 칼리,3,100
5,,영혼석[영웅] : 바알베크의 사령관,3,100
5,,영혼석[영웅] : 아폴론,3,100
5,,영혼석[영웅] : 오페르시나,3,100
5,,영혼석[영웅] : 넵튠,3,100
5,,영혼석[영웅] : 아르테미스,3,100
5,,영혼석[영웅] : 크로노스,3,100
5,,영혼석[영웅] : 유피테르의 사념,3,100
5,,영혼석[영웅] : 엔젤리스,3,100
5,,영혼석[영웅] : 암살단 암흑,3,100
5,,영혼석[영웅] : 이프리트,3,100
5,,영혼석[영웅] : 듀라한,3,100
5,,영혼석[영웅] : 센티넬,3,100
5,,영혼석[영웅] : 아바돈,3,100
5,,영혼석[영웅] : 아누비스,3,100
5,,영혼석[영웅] : 메타트론,3,100
5,,영혼석[희귀] : 다크 나이트,2,100
5,,영혼석[희귀] : 발키리,2,100
5,,영혼석[희귀] : 여신 칼리,2,100
5,,영혼석[희귀] : 바알베크의 사령관,2,100
5,,영혼석[희귀] : 아폴론,2,100
5,,영혼석[희귀] : 오페르시나,2,100
5,,영혼석[희귀] : 넵튠,2,100
5,,영혼석[희귀] : 아르테미스,2,100
5,,영혼석[희귀] : 크로노스,2,100
5,,영혼석[희귀] : 유피테르의 사념,2,100
5,,영혼석[희귀] : 엔젤리스,2,100
5,,영혼석[희귀] : 암살단 암흑,2,100
5,,영혼석[희귀] : 이프리트,2,100
5,,영혼석[희귀] : 듀라한,2,100
5,,영혼석[희귀] : 센티넬,2,100
5,,영혼석[희귀] : 아바돈,2,100
5,,영혼석[희귀] : 아누비스,2,100
5,,영혼석[희귀] : 메타트론,2,100
5,,영혼석[전설] : 네드라스,4,100
5,,영혼석[전설] : 인페르노 아처,4,100
5,,영혼석[전설] : 벨리타,4,100
5,,영혼석[영웅] : 네드라스,3,100
5,,영혼석[영웅] : 인페르노 아처,3,100
5,,영혼석[영웅] : 벨리타,3,100
5,,영혼석[영웅] : 스나이퍼 로즈레인,3,100
5,,영혼석[영웅] : 다크 스팅어,3,100
5,,영혼석[영웅] : 데빌헌터,3,100
5,,영혼석[영웅] : 크로노스 아처,3,100
5,,영혼석[영웅] : 오페르시나 아처,3,100
5,,영혼석[영웅] : 넵튠 아처,3,100
5,,영혼석[영웅] : 암살단 칠흑,3,100
5,,영혼석[영웅] : 데빌리스,3,100
5,,영혼석[영웅] : 메타트론 아처,3,100
5,,영혼석[희귀] : 다크 스팅어,2,100
5,,영혼석[희귀] : 데빌헌터,2,100
5,,영혼석[희귀] : 크로노스 아처,2,100
5,,영혼석[희귀] : 오페르시나 아처,2,100
5,,영혼석[희귀] : 넵튠 아처,2,100
5,,영혼석[희귀] : 암살단 칠흑,2,100
5,,영혼석[희귀] : 데빌리스,2,100
5,,영혼석[희귀] : 메타트론 아처,2,100
5,,영혼석[전설] : 바이스,4,100
5,,영혼석[전설] : 인페르노 위저드,4,100
5,,영혼석[전설] : 호텐 플로츠,4,100
5,,영혼석[영웅] : 바이스,3,100
5,,영혼석[영웅] : 인페르노 위저드,3,100
5,,영혼석[영웅] : 호텐 플로츠,3,100
5,,영혼석[영웅] : 카오스 가디언,3,100
5,,영혼석[영웅] : 다크 메이지,3,100
5,,영혼석[영웅] : 엘더 스팅어,3,100
5,,영혼석[영웅] : 엠퍼사이저,3,100
5,,영혼석[영웅] : 엘사라드,3,100
5,,영혼석[영웅] : 비숍,3,100
5,,영혼석[영웅] : 네케브,3,100
5,,영혼석[영웅] : 엘프리스,3,100
5,,영혼석[영웅] : 에리스,3,100
5,,영혼석[희귀] : 다크 메이지,2,100
5,,영혼석[희귀] : 엘더 스팅어,2,100
5,,영혼석[희귀] : 엠퍼사이저,2,100
5,,영혼석[희귀] : 엘사라드,2,100
5,,영혼석[희귀] : 비숍,2,100
5,,영혼석[희귀] : 네케브,2,100
5,,영혼석[희귀] : 엘프리스,2,100
5,,영혼석[희귀] : 에리스,2,100
5,,영혼석[전설] : 크리스,4,100
5,,영혼석[전설] : 인페르노 어쌔신,4,100
5,,영혼석[영웅] : 수라,3,100
5,,영혼석[영웅] : 베놈리퍼,3,100
5,,영혼석[영웅] : 블랙 데빌리스,3,100
5,,영혼석[영웅] : 다크 어쌔신,3,100
5,,영혼석[영웅] : 오페르시나 어쌔신,3,100
5,,영혼석[영웅] : 메타트론 어쌔신,3,100
5,,영혼석[영웅] : 넵튠 슬레이어,3,100
5,,영혼석[영웅] : 암살단 일격,3,100
5,,영혼석[영웅] : 바알베크의 집행관,3,100
5,,영혼석[영웅] : 미드나잇 아르테미스,3,100
5,,영혼석[영웅] : 크리스,3,100
5,,영혼석[영웅] : 인페르노 어쌔신,3,100
5,,영혼석[희귀] : 수라,2,100
5,,영혼석[희귀] : 베놈리퍼,2,100
5,,영혼석[희귀] : 블랙 데빌리스,2,100
5,,영혼석[희귀] : 다크 어쌔신,2,100
5,,영혼석[희귀] : 오페르시나 어쌔신,2,100
5,,영혼석[희귀] : 메타트론 어쌔신,2,100
5,,영혼석[희귀] : 넵튠 슬레이어,2,100
5,,영혼석[희귀] : 암살단 일격,2,100
5,,영혼석[희귀] : 바알베크의 집행관,2,100
5,,영혼석[희귀] : 미드나잇 아르테미스,2,100
5,,봉인된 영혼석[전설],4,100
5,,축복받은 장비 각인석,2,25
5,,스타터 희귀 변신 카드,2,100
5,,라이칸 서번트 카드,2,100
5,,희귀 변신 확정 뽑기권[프로모션],2,100
5,,희귀 서번트 확정 뽑기권[프로모션],2,100
5,,희귀 매터리얼 확정 상자[프로모션],2,100
5,,강화된 수호의 팔찌 상자,2,100
5,,강화된 파괴의 가면 상자,2,100
5,,강화된 생명의 금관 상자,2,100
5,,강화된 숙련의 나팔 상자,2,100
5,,강화된 영혼의 부적 상자,2,100
5,,강화된 극복의 성배 상자,2,100
5,,수호의 팔찌 전리품 상자,2,100
5,,파괴의 가면 전리품 상자,2,100
5,,생명의 금관 전리품 상자,2,100
5,,숙련의 나팔 전리품 상자,2,100
5,,극복의 성배 전리품 상자,2,100
5,,영혼의 부적 전리품 상자,2,100
6,,1레벨 매직 이뮤니티 강화,,55
6,,2레벨 매직 이뮤니티 강화,,40
6,,3레벨 매직 이뮤니티 강화,,19
6,,4레벨 매직 이뮤니티 강화,,5
6,,5레벨 매직 이뮤니티 강화,,5
6,,6레벨 매직 이뮤니티 강화,,5
6,,1레벨 버서크 강화,,58
6,,2레벨 버서크 강화,,43
6,,3레벨 버서크 강화,,20
6,,4레벨 버서크 강화,,6
6,,5레벨 버서크 강화,,6
6,,6레벨 버서크 강화,,6
6,,1레벨 숙련된 방어 강화,,70
6,,2레벨 숙련된 방어 강화,,45
6,,3레벨 숙련된 방어 강화,,30
6,,4레벨 숙련된 방어 강화,,10
6,,5레벨 숙련된 방어 강화,,10
6,,6레벨 숙련된 방어 강화,,10
6,,1레벨 아머 크러쉬 강화,,55
6,,2레벨 아머 크러쉬 강화,,40
6,,3레벨 아머 크러쉬 강화,,19
6,,4레벨 아머 크러쉬 강화,,5
6,,5레벨 아머 크러쉬 강화,,5
6,,6레벨 아머 크러쉬 강화,,5
6,,1레벨 앤듀랜스 강화,,33
6,,2레벨 앤듀랜스 강화,,25
6,,1레벨 최후의 저항 강화,,33
6,,2레벨 최후의 저항 강화,,25
6,,1레벨 트리플 히트 강화,,33
6,,2레벨 트리플 히트 강화,,25
6,,1레벨 견제 강화,,70
6,,2레벨 견제 강화,,45
6,,3레벨 견제 강화,,25
6,,4레벨 견제 강화,,8
6,,5레벨 견제 강화,,8
6,,6레벨 견제 강화,,8
6,,1레벨 부스트 강화,,55
6,,2레벨 부스트 강화,,40
6,,3레벨 부스트 강화,,19
6,,4레벨 부스트 강화,,5
6,,5레벨 부스트 강화,,5
6,,6레벨 부스트 강화,,5
6,,1레벨 아머 브레이크 강화,,58
6,,2레벨 아머 브레이크 강화,,43
6,,3레벨 아머 브레이크 강화,,20
6,,4레벨 아머 브레이크 강화,,6
6,,5레벨 아머 브레이크 강화,,6
6,,6레벨 아머 브레이크 강화,,6
6,,1레벨 이그나이트 샷 강화,,60
6,,2레벨 이그나이트 샷 강화,,45
6,,3레벨 이그나이트 샷 강화,,22
6,,4레벨 이그나이트 샷 강화,,6
6,,5레벨 이그나이트 샷 강화,,6
6,,6레벨 이그나이트 샷 강화,,6
6,,1레벨 트리플 어택 강화,,33
6,,2레벨 트리플 어택 강화,,25
6,,1레벨 포지션 락 강화,,33
6,,2레벨 포지션 락 강화,,25
6,,1레벨 그랩 샷 강화,,33
6,,2레벨 그랩 샷 강화,,25
6,,1레벨 둠 터치 강화,,60
6,,2레벨 둠 터치 강화,,45
6,,3레벨 둠 터치 강화,,22
6,,4레벨 둠 터치 강화,,6
6,,5레벨 둠 터치 강화,,6
6,,6레벨 둠 터치 강화,,6
6,,1레벨 마나 실드 강화,,55
6,,2레벨 마나 실드 강화,,40
6,,3레벨 마나 실드 강화,,19
6,,4레벨 마나 실드 강화,,5
6,,5레벨 마나 실드 강화,,5
6,,6레벨 마나 실드 강화,,5
6,,1레벨 블레스 [마검] 강화,,60
6,,2레벨 블레스 [마검] 강화,,45
6,,3레벨 블레스 [마검] 강화,,22
6,,4레벨 블레스 [마검] 강화,,6
6,,5레벨 블레스 [마검] 강화,,6
6,,6레벨 블레스 [마검] 강화,,6
6,,1레벨 소드마스터 강화,,58
6,,2레벨 소드마스터 강화,,43
6,,3레벨 소드마스터 강화,,20
6,,4레벨 소드마스터 강화,,6
6,,5레벨 소드마스터 강화,,6
6,,6레벨 소드마스터 강화,,6
6,,1레벨 익스체인지 블러드 강화,,70
6,,2레벨 익스체인지 블러드 강화,,45
6,,3레벨 익스체인지 블러드 강화,,25
6,,4레벨 익스체인지 블러드 강화,,8
6,,5레벨 익스체인지 블러드 강화,,8
6,,6레벨 익스체인지 블러드 강화,,8
6,,1레벨 커즈 강화,,55
6,,2레벨 커즈 강화,,40
6,,3레벨 커즈 강화,,19
6,,4레벨 커즈 강화,,5
6,,5레벨 커즈 강화,,5
6,,6레벨 커즈 강화,,5
6,,1레벨 파티 힐 강화,,60
6,,2레벨 파티 힐 강화,,45
6,,3레벨 파티 힐 강화,,22
6,,4레벨 파티 힐 강화,,6
6,,5레벨 파티 힐 강화,,6
6,,6레벨 파티 힐 강화,,6
6,,1레벨 웹 강화,,33
6,,2레벨 웹 강화,,25
6,,1레벨 디스펠 매직 강화,,33
6,,2레벨 디스펠 매직 강화,,25
6,,1레벨 마나게더 강화,,40
6,,2레벨 마나게더 강화,,27
6,,1레벨 블레스[마법] 강화,,40
6,,2레벨 블레스[마법] 강화,,27
6,,1레벨 아이스 스톰 강화,,33
6,,2레벨 아이스 스톰 강화,,25
6,,1레벨 라이트닝 콜 강화,,33
6,,2레벨 라이트닝 콜 강화,,25
6,,1레벨 플레임 스트라이크 강화,,33
6,,2레벨 플레임 스트라이크 강화,,25
6,,1레벨 커버링 강화,,33
6,,2레벨 커버링 강화,,25
6,,1레벨 마나 컨버젼 강화,,40
6,,2레벨 마나 컨버젼 강화,,27
6,,1레벨 데스퍼레이트 강화,,40
6,,2레벨 데스퍼레이트 강화,,27
6,,1레벨 스캠퍼 강화,,55
6,,2레벨 스캠퍼 강화,,40
6,,3레벨 스캠퍼 강화,,19
6,,4레벨 스캠퍼 강화,,5
6,,5레벨 스캠퍼 강화,,5
6,,6레벨 스캠퍼 강화,,5
6,,1레벨 스운 강화,,55
6,,2레벨 스운 강화,,40
6,,3레벨 스운 강화,,19
6,,4레벨 스운 강화,,5
6,,5레벨 스운 강화,,5
6,,6레벨 스운 강화,,5
6,,1레벨 이베이전 강화,,55
6,,2레벨 이베이전 강화,,40
6,,3레벨 이베이전 강화,,19
6,,4레벨 이베이전 강화,,5
6,,5레벨 이베이전 강화,,5
6,,6레벨 이베이전 강화,,5
6,,1레벨 포이즌 블로우 강화,,55
6,,2레벨 포이즌 블로우 강화,,40
6,,3레벨 포이즌 블로우 강화,,19
6,,4레벨 포이즌 블로우 강화,,5
6,,5레벨 포이즌 블로우 강화,,5
6,,6레벨 포이즌 블로우 강화,,5
6,,1레벨 인비지빌리티 강화,,33
6,,2레벨 인비지빌리티 강화,,25
6,,1레벨 트리플 크러쉬 강화,,33
6,,2레벨 트리플 크러쉬 강화,,25
6,,1레벨 불멸 강화,,33
6,,2레벨 불멸 강화,,25
7,,숙련의 매터리얼[일반]>영혼의 매터리얼[일반],,32
7,,숙련의 매터리얼[일반]>수호의 매터리얼[일반],,32
7,,숙련의 매터리얼[일반]>파괴의 매터리얼[일반],,4
7,,숙련의 매터리얼[일반]>생명의 매터리얼[일반],,32
7,,영혼의 매터리얼[일반]>숙련의 매터리얼[일반],,16
7,,영혼의 매터리얼[일반]>수호의 매터리얼[일반],,40
7,,영혼의 매터리얼[일반]>파괴의 매터리얼[일반],,4
7,,영혼의 매터리얼[일반]>생명의 매터리얼[일반],,40
7,,수호의 매터리얼[일반]>숙련의 매터리얼[일반],,16
7,,수호의 매터리얼[일반]>영혼의 매터리얼[일반],,40
7,,수호의 매터리얼[일반]>파괴의 매터리얼[일반],,4
7,,수호의 매터리얼[일반]>생명의 매터리얼[일반],,40
7,,파괴의 매터리얼[일반]>숙련의 매터리얼[일반],,10
7,,파괴의 매터리얼[일반]>영혼의 매터리얼[일반],,30
7,,파괴의 매터리얼[일반]>수호의 매터리얼[일반],,30
7,,파괴의 매터리얼[일반]>생명의 매터리얼[일반],,30
7,,생명의 매터리얼[일반]>숙련의 매터리얼[일반],,16
7,,생명의 매터리얼[일반]>영혼의 매터리얼[일반],,40
7,,생명의 매터리얼[일반]>수호의 매터리얼[일반],,40
7,,생명의 매터리얼[일반]>파괴의 매터리얼[일반],,4
7,,숙련의 매터리얼[고급]>영혼의 매터리얼[고급],,32
7,,숙련의 매터리얼[고급]>수호의 매터리얼[고급],,32
7,,숙련의 매터리얼[고급]>파괴의 매터리얼[고급],,4
7,,숙련의 매터리얼[고급]>생명의 매터리얼[고급],,32
7,,영혼의 매터리얼[고급]>숙련의 매터리얼[고급],,16
7,,영혼의 매터리얼[고급]>수호의 매터리얼[고급],,40
7,,영혼의 매터리얼[고급]>파괴의 매터리얼[고급],,4
7,,영혼의 매터리얼[고급]>생명의 매터리얼[고급],,40
7,,수호의 매터리얼[고급]>숙련의 매터리얼[고급],,16
7,,수호의 매터리얼[고급]>영혼의 매터리얼[고급],,40
7,,수호의 매터리얼[고급]>파괴의 매터리얼[고급],,4
7,,수호의 매터리얼[고급]>생명의 매터리얼[고급],,40
7,,파괴의 매터리얼[고급]>숙련의 매터리얼[고급],,10
7,,파괴의 매터리얼[고급]>영혼의 매터리얼[고급],,30
7,,파괴의 매터리얼[고급]>수호의 매터리얼[고급],,30
7,,파괴의 매터리얼[고급]>생명의 매터리얼[고급],,30
7,,생명의 매터리얼[고급]>숙련의 매터리얼[고급],,16
7,,생명의 매터리얼[고급]>영혼의 매터리얼[고급],,40
7,,생명의 매터리얼[고급]>수호의 매터리얼[고급],,40
7,,생명의 매터리얼[고급]>파괴의 매터리얼[고급],,4
7,,숙련의 매터리얼[희귀]>영혼의 매터리얼[희귀],,32
7,,숙련의 매터리얼[희귀]>수호의 매터리얼[희귀],,32
7,,숙련의 매터리얼[희귀]>파괴의 매터리얼[희귀],,4
7,,숙련의 매터리얼[희귀]>생명의 매터리얼[희귀],,32
7,,영혼의 매터리얼[희귀]>숙련의 매터리얼[희귀],,16
7,,영혼의 매터리얼[희귀]>수호의 매터리얼[희귀],,40
7,,영혼의 매터리얼[희귀]>파괴의 매터리얼[희귀],,4
7,,영혼의 매터리얼[희귀]>생명의 매터리얼[희귀],,40
7,,수호의 매터리얼[희귀]>숙련의 매터리얼[희귀],,16
7,,수호의 매터리얼[희귀]>영혼의 매터리얼[희귀],,40
7,,수호의 매터리얼[희귀]>파괴의 매터리얼[희귀],,4
7,,수호의 매터리얼[희귀]>생명의 매터리얼[희귀],,40
7,,파괴의 매터리얼[희귀]>숙련의 매터리얼[희귀],,10
7,,파괴의 매터리얼[희귀]>영혼의 매터리얼[희귀],,30
7,,파괴의 매터리얼[희귀]>수호의 매터리얼[희귀],,30
7,,파괴의 매터리얼[희귀]>생명의 매터리얼[희귀],,30
7,,생명의 매터리얼[희귀]>숙련의 매터리얼[희귀],,16
7,,생명의 매터리얼[희귀]>영혼의 매터리얼[희귀],,40
7,,생명의 매터리얼[희귀]>수호의 매터리얼[희귀],,40
7,,생명의 매터리얼[희귀]>파괴의 매터리얼[희귀],,4
7,,숙련의 매터리얼[영웅]>영혼의 매터리얼[영웅],,32
7,,숙련의 매터리얼[영웅]>수호의 매터리얼[영웅],,32
7,,숙련의 매터리얼[영웅]>파괴의 매터리얼[영웅],,4
7,,숙련의 매터리얼[영웅]>생명의 매터리얼[영웅],,32
7,,영혼의 매터리얼[영웅]>숙련의 매터리얼[영웅],,16
7,,영혼의 매터리얼[영웅]>수호의 매터리얼[영웅],,40
7,,영혼의 매터리얼[영웅]>파괴의 매터리얼[영웅],,4
7,,영혼의 매터리얼[영웅]>생명의 매터리얼[영웅],,40
7,,수호의 매터리얼[영웅]>숙련의 매터리얼[영웅],,16
7,,수호의 매터리얼[영웅]>영혼의 매터리얼[영웅],,40
7,,수호의 매터리얼[영웅]>파괴의 매터리얼[영웅],,4
7,,수호의 매터리얼[영웅]>생명의 매터리얼[영웅],,40
7,,파괴의 매터리얼[영웅]>숙련의 매터리얼[영웅],,10
7,,파괴의 매터리얼[영웅]>영혼의 매터리얼[영웅],,30
7,,파괴의 매터리얼[영웅]>수호의 매터리얼[영웅],,30
7,,파괴의 매터리얼[영웅]>생명의 매터리얼[영웅],,30
7,,생명의 매터리얼[영웅]>숙련의 매터리얼[영웅],,16
7,,생명의 매터리얼[영웅]>영혼의 매터리얼[영웅],,40
7,,생명의 매터리얼[영웅]>수호의 매터리얼[영웅],,40
7,,생명의 매터리얼[영웅]>파괴의 매터리얼[영웅],,4
7,,숙련의 매터리얼[전설]>영혼의 매터리얼[전설],,32
7,,숙련의 매터리얼[전설]>수호의 매터리얼[전설],,32
7,,숙련의 매터리얼[전설]>파괴의 매터리얼[전설],,4
7,,숙련의 매터리얼[전설]>생명의 매터리얼[전설],,32
7,,영혼의 매터리얼[전설]>숙련의 매터리얼[전설],,16
7,,영혼의 매터리얼[전설]>수호의 매터리얼[전설],,40
7,,영혼의 매터리얼[전설]>파괴의 매터리얼[전설],,4
7,,영혼의 매터리얼[전설]>생명의 매터리얼[전설],,40
7,,수호의 매터리얼[전설]>숙련의 매터리얼[전설],,16
7,,수호의 매터리얼[전설]>영혼의 매터리얼[전설],,40
7,,수호의 매터리얼[전설]>파괴의 매터리얼[전설],,4
7,,수호의 매터리얼[전설]>생명의 매터리얼[전설],,40
7,,파괴의 매터리얼[전설]>숙련의 매터리얼[전설],,10
7,,파괴의 매터리얼[전설]>영혼의 매터리얼[전설],,30
7,,파괴의 매터리얼[전설]>수호의 매터리얼[전설],,30
7,,파괴의 매터리얼[전설]>생명의 매터리얼[전설],,30
7,,생명의 매터리얼[전설]>숙련의 매터리얼[전설],,16
7,,생명의 매터리얼[전설]>영혼의 매터리얼[전설],,40
7,,생명의 매터리얼[전설]>수호의 매터리얼[전설],,40
7,,생명의 매터리얼[전설]>파괴의 매터리얼[전설],,4
7,,숙련의 매터리얼[초월]>영혼의 매터리얼[초월],,32
7,,숙련의 매터리얼[초월]>수호의 매터리얼[초월],,32
7,,숙련의 매터리얼[초월]>파괴의 매터리얼[초월],,4
7,,숙련의 매터리얼[초월]>생명의 매터리얼[초월],,32
7,,영혼의 매터리얼[초월]>숙련의 매터리얼[초월],,16
7,,영혼의 매터리얼[초월]>수호의 매터리얼[초월],,40
7,,영혼의 매터리얼[초월]>파괴의 매터리얼[초월],,4
7,,영혼의 매터리얼[초월]>생명의 매터리얼[초월],,40
7,,수호의 매터리얼[초월]>숙련의 매터리얼[초월],,16
7,,수호의 매터리얼[초월]>영혼의 매터리얼[초월],,40
7,,수호의 매터리얼[초월]>파괴의 매터리얼[초월],,4
7,,수호의 매터리얼[초월]>생명의 매터리얼[초월],,40
7,,파괴의 매터리얼[초월]>숙련의 매터리얼[초월],,10
7,,파괴의 매터리얼[초월]>영혼의 매터리얼[초월],,30
7,,파괴의 매터리얼[초월]>수호의 매터리얼[초월],,30
7,,파괴의 매터리얼[초월]>생명의 매터리얼[초월],,30
7,,생명의 매터리얼[초월]>숙련의 매터리얼[초월],,16
7,,생명의 매터리얼[초월]>영혼의 매터리얼[초월],,40
7,,생명의 매터리얼[초월]>수호의 매터리얼[초월],,40
7,,생명의 매터리얼[초월]>파괴의 매터리얼[초월],,4
8,,+0 생명의 금관,,70
8,,+1 생명의 금관,,65
8,,+2 생명의 금관,,50
8,,+3 생명의 금관,,40
8,,+4 생명의 금관,,35
8,,+5 생명의 금관,,30
8,,+6 생명의 금관,,20
8,,+7 생명의 금관,,18
8,,+8 생명의 금관,,12
8,,+0 파괴의 가면,,70
8,,+1 파괴의 가면,,65
8,,+2 파괴의 가면,,50
8,,+3 파괴의 가면,,40
8,,+4 파괴의 가면,,35
8,,+5 파괴의 가면,,30
8,,+6 파괴의 가면,,20
8,,+7 파괴의 가면,,18
8,,+8 파괴의 가면,,12
8,,+0 수호의 팔찌,,70
8,,+1 수호의 팔찌,,65
8,,+2 수호의 팔찌,,50
8,,+3 수호의 팔찌,,45
8,,+4 수호의 팔찌,,40
8,,+5 수호의 팔찌,,30
8,,+6 수호의 팔찌,,25
8,,+7 수호의 팔찌,,20
8,,+8 수호의 팔찌,,10
8,,+0 영혼의 부적,,70
8,,+1 영혼의 부적,,65
8,,+2 영혼의 부적,,50
8,,+3 영혼의 부적,,40
8,,+4 영혼의 부적,,35
8,,+5 영혼의 부적,,30
8,,+6 영혼의 부적,,20
8,,+7 영혼의 부적,,18
8,,+8 영혼의 부적,,12
8,,+0 극복의 성배,,70
8,,+1 극복의 성배,,65
8,,+2 극복의 성배,,50
8,,+3 극복의 성배,,40
8,,+4 극복의 성배,,35
8,,+5 극복의 성배,,30
8,,+6 극복의 성배,,20
8,,+7 극복의 성배,,18
8,,+8 극복의 성배,,12
8,,+0 숙련의 나팔,,70
8,,+1 숙련의 나팔,,65
8,,+2 숙련의 나팔,,50
8,,+3 숙련의 나팔,,40
8,,+4 숙련의 나팔,,35
8,,+5 숙련의 나팔,,30
8,,+6 숙련의 나팔,,20
8,,+7 숙련의 나팔,,18
8,,+8 숙련의 나팔,,12
9,,+0 생명의 금관,,73
9,,+1 생명의 금관,,68
9,,+2 생명의 금관,,53
9,,+3 생명의 금관,,43
9,,+4 생명의 금관,,38
9,,+5 생명의 금관,,33
9,,+6 생명의 금관,,23
9,,+7 생명의 금관,,21
9,,+8 생명의 금관,,15
9,,+0 파괴의 가면,,73
9,,+1 파괴의 가면,,68
9,,+2 파괴의 가면,,53
9,,+3 파괴의 가면,,43
9,,+4 파괴의 가면,,38
9,,+5 파괴의 가면,,33
9,,+6 파괴의 가면,,23
9,,+7 파괴의 가면,,21
9,,+8 파괴의 가면,,15
9,,+0 수호의 팔찌,,73
9,,+1 수호의 팔찌,,68
9,,+2 수호의 팔찌,,53
9,,+3 수호의 팔찌,,48
9,,+4 수호의 팔찌,,43
9,,+5 수호의 팔찌,,33
9,,+6 수호의 팔찌,,28
9,,+7 수호의 팔찌,,23
9,,+8 수호의 팔찌,,13
9,,+0 영혼의 부적,,73
9,,+1 영혼의 부적,,68
9,,+2 영혼의 부적,,53
9,,+3 영혼의 부적,,43
9,,+4 영혼의 부적,,38
9,,+5 영혼의 부적,,33
9,,+6 영혼의 부적,,23
9,,+7 영혼의 부적,,21
9,,+8 영혼의 부적,,15
9,,+0 극복의 성배,,73
9,,+1 극복의 성배,,68
9,,+2 극복의 성배,,53
9,,+3 극복의 성배,,43
9,,+4 극복의 성배,,38
9,,+5 극복의 성배,,33
9,,+6 극복의 성배,,23
9,,+7 극복의 성배,,21
9,,+8 극복의 성배,,15
9,,+0 숙련의 나팔,,73
9,,+1 숙련의 나팔,,68
9,,+2 숙련의 나팔,,53
9,,+3 숙련의 나팔,,43
9,,+4 숙련의 나팔,,38
9,,+5 숙련의 나팔,,33
9,,+6 숙련의 나팔,,23
9,,+7 숙련의 나팔,,21
9,,+8 숙련의 나팔,,15
10,,,2,5
10,,,3,3
10,,,4,3
10,,,5,3
12,1,,1,80
12,1,,2,70
12,1,,3,60
12,1,,4,40
12,1,,5,30
12,1,,6,20
12,1,,7,10
12,1,,8,8
12,1,,9,6
12,1,,10,2.18
12,1,,11,6
12,1,,12,6
12,1,,13,2.18
12,1,,14,6
12,1,,15,2.18
12,2,,1,80
12,2,,2,70
12,2,,3,60
12,2,,4,40
12,2,,5,30
12,2,,6,20
12,2,,7,10
12,2,,8,8
12,2,,9,6
12,2,,10,2.18
12,2,,11,6
12,2,,12,6
12,2,,13,2.18
12,2,,14,6
12,2,,15,2.18
12,3,,1,80
12,3,,2,70
12,3,,3,60
12,3,,4,40
12,3,,5,30
12,3,,6,20
12,3,,7,10
12,3,,8,8
12,3,,9,6
12,3,,10,2.18
12,3,,11,6
12,3,,12,6
12,3,,13,2.18
12,3,,14,6
12,3,,15,2.18
12,4,,1,80
12,4,,2,70
12,4,,3,60
12,4,,4,40
12,4,,5,30
12,4,,6,20
12,4,,7,10
12,4,,8,8
12,4,,9,6
12,4,,10,2.18
12,4,,11,6
12,4,,12,6
12,4,,13,2.18
12,4,,14,6
12,4,,15,2.18
12,5,,1,20
12,5,,2,8
12,5,,3,12
12,5,,4,10
12,5,,5,8
12,5,,6,3
12,5,,7,6
12,5,,8,6
12,5,,9,6
12,5,,10,3
12,5,,11,2
12,5,,12,4
12,5,,13,4
12,5,,14,4
12,5,,15,2
13,1,,1,80
13,1,,2,70
13,1,,3,60
13,1,,4,40
13,1,,5,30
13,1,,6,20
13,1,,7,10
13,1,,8,8
13,1,,9,6
13,1,,10,2.8
13,1,,11,5
13,1,,12,5
13,1,,13,2.25
13,1,,14,5
13,1,,15,2.25
13,2,,1,80
13,2,,2,70
13,2,,3,60
13,2,,4,40
13,2,,5,30
13,2,,6,20
13,2,,7,10
13,2,,8,8
13,2,,9,6
13,2,,10,2.8
13,2,,11,5
13,2,,12,5
13,2,,13,2.25
13,2,,14,5
13,2,,15,2.25
13,3,,1,80
13,3,,2,70
13,3,,3,60
13,3,,4,40
13,3,,5,30
13,3,,6,20
13,3,,7,10
13,3,,8,8
13,3,,9,6
13,3,,10,2.8
13,3,,11,5
13,3,,12,5
13,3,,13,2.25
13,3,,14,5
13,3,,15,2.25
13,4,,1,80
13,4,,2,70
13,4,,3,60
13,4,,4,40
13,4,,5,30
13,4,,6,20
13,4,,7,10
13,4,,8,8
13,4,,9,6
13,4,,10,2.8
13,4,,11,5
13,4,,12,5
13,4,,13,2.25
13,4,,14,5
13,4,,15,2.25
13,5,,1,20
13,5,,2,8
13,5,,3,12
13,5,,4,10
13,5,,5,8
13,5,,6,3
13,5,,7,6
13,5,,8,6
13,5,,9,6
13,5,,10,3
13,5,,11,2
13,5,,12,4
13,5,,13,4
13,5,,14,4
13,5,,15,2
14,10009,메타트론 아처,,3.401
14,10009,메타트론,,3.401
14,10009,아폴론,,3.401
14,10009,아르테미스,,3.401
14,10009,크로노스,,3.401
14,10009,오페르시나,,3.401
14,10009,크로노스 아처,,3.401
14,10009,오페르시나 아처,,3.401
14,10009,비숍,,3.401
14,10009,에리스,,3.401
14,10009,암살단 암흑,,3.401
14,10009,넵튠,,3.401
14,10009,넵튠 아처,,3.287
14,10009,암살단 칠흑,,3.287
14,10009,네케브,,3.287
14,10009,바알베크의 사령관,,3.287
14,10009,유피테르의 사념,,3.287
14,10009,엘사라드,,3.287
14,10009,아바돈,,3.287
14,10009,아누비스,,3.287
14,10009,센티넬,,3.287
14,10009,엠퍼사이저,,3.287
14,10009,수라,,3.287
14,10009,오페르시나 어쌔신,,3.287
14,10009,메타트론 어쌔신,,3.287
14,10009,넵튠 슬레이어,,3.287
14,10009,암살단 일격,,3.287
14,10009,바알베크의 집행관,,3.287
14,10009,미드나잇 아르테미스,,3.287
14,10009,휠카셀,,3.287
14,10000,다크 나이트,,1.1338
14,10000,메타트론 아처,,2.381
14,10000,데빌헌터,,1.1338
14,10000,메타트론,,2.381
14,10000,아폴론,,2.381
14,10000,이프리트,,0.6803
14,10000,아르테미스,,2.381
14,10000,다크 스팅어,,1.1338
14,10000,엘더 스팅어,,1.1338
14,10000,듀라한,,0.6803
14,10000,크로노스,,2.381
14,10000,오페르시나,,2.381
14,10000,크로노스 아처,,2.2676
14,10000,오페르시나 아처,,2.2676
14,10000,비숍,,2.2676
14,10000,에리스,,2.2676
14,10000,발키리,,1.1338
14,10000,암살단 암흑,,2.2676
14,10000,넵튠,,2.2676
14,10000,넵튠 아처,,2.2676
14,10000,암살단 칠흑,,2.2676
14,10000,다크 메이지,,1.1338
14,10000,네케브,,2.2676
14,10000,바알베크의 사령관,,2.2676
14,10000,유피테르의 사념,,2.2676
14,10000,엘사라드,,2.2676
14,10000,아바돈,,2.2676
14,10000,아누비스,,2.2676
14,10000,여신 칼리,,1.1338
14,10000,센티넬,,2.2676
14,10000,엠퍼사이저,,2.2676
14,10000,각성한 라르카,,1.1338
14,10000,스나이퍼 로즈레인,,1.1338
14,10000,카오스 가디언,,1.1338
14,10000,수라,,2.2676
14,10000,베놈리퍼,,1.1338
14,10000,다크 어쌔신,,1.1338
14,10000,오페르시나 어쌔신,,2.2676
14,10000,메타트론 어쌔신,,2.2676
14,10000,넵튠 슬레이어,,2.2676
14,10000,암살단 일격,,2.2676
14,10000,바알베크의 집행관,,2.2676
14,10000,미드나잇 아르테미스,,2.2676
14,10000,이자벨,,1.1338
14,10000,카를로스,,1.1338
14,10000,미드나잇 에르메스,,1.1338
14,10000,제롬,,1.1338
14,10000,휠카셀,,2.2676
14,10000,엘로이,,0.6803
14,10000,레오넬,,1.1338
14,10000,아델리아,,1.1338
14,10000,이안,,1.1338
14,10000,팔란,,1.1338
14,10000,로드 오브 아크리언,,0.6803
14,10000,릴리언스,,0.6803
14,10000,릴리아,,0.6803
14,10000,리치 나이트,,1.1338
14,10000,라르카 강궁병,,1.1338
14,10000,릴리안,,1.1338
14,10000,라르카 집행자,,1.1338
14,2,다크 나이트,,1.1992
14,2,메타트론 아처,,2.4565
14,2,데빌헌터,,1.1992
14,2,메타트론,,2.4565
14,2,아폴론,,2.4565
14,2,아르테미스,,2.4565
14,2,다크 스팅어,,1.1992
14,2,엘더 스팅어,,1.1992
14,2,크로노스,,2.4565
14,2,오페르시나,,2.4565
14,2,크로노스 아처,,2.4565
14,2,오페르시나 아처,,2.4556
14,2,비숍,,2.4556
14,2,에리스,,2.4556
14,2,발키리,,1.1992
14,2,암살단 암흑,,2.4556
14,2,넵튠,,2.4556
14,2,넵튠 아처,,2.4556
14,2,암살단 칠흑,,2.4556
14,2,다크 메이지,,1.1992
14,2,네케브,,2.4556
14,2,바알베크의 사령관,,2.4556
14,2,유피테르의 사념,,2.4556
14,2,엘사라드,,2.4556
14,2,아바돈,,2.4556
14,2,아누비스,,2.4556
14,2,여신 칼리,,1.1992
14,2,센티넬,,2.4556
14,2,엠퍼사이저,,2.4556
14,2,각성한 라르카,,1.1992
14,2,스나이퍼 로즈레인,,1.1992
14,2,카오스 가디언,,1.1992
14,2,수라,,2.4556
14,2,베놈리퍼,,1.1992
14,2,다크 어쌔신,,1.1992
14,2,오페르시나 어쌔신,,2.4556
14,2,메타트론 어쌔신,,2.4556
14,2,넵튠 슬레이어,,2.4556
14,2,암살단 일격,,2.4556
14,2,바알베크의 집행관,,2.4556
14,2,미드나잇 아르테미스,,2.4556
14,2,이자벨,,1.1992
14,2,카를로스,,1.1992
14,2,미드나잇 에르메스,,1.1992
14,2,제롬,,1.1992
14,2,레오넬,,1.1992
14,2,아델리아,,1.1992
14,2,이안,,1.1992
14,2,팔란,,1.1992
14,2,리치 나이트,,1.1992
14,2,라르카 강궁병,,1.1992
14,2,릴리안,,1.1992
14,2,라르카 집행자,,1.1992
14,3,다크 나이트,,1.8869
14,3,메타트론 아처,,1.8869
14,3,데빌헌터,,1.8869
14,3,메타트론,,1.8869
14,3,아폴론,,1.8869
14,3,아르테미스,,1.8869
14,3,다크 스팅어,,1.8869
14,3,엘더 스팅어,,1.8869
14,3,크로노스,,1.8868
14,3,오페르시나,,1.8868
14,3,크로노스 아처,,1.8868
14,3,오페르시나 아처,,1.8868
14,3,비숍,,1.8868
14,3,에리스,,1.8868
14,3,발키리,,1.8868
14,3,암살단 암흑,,1.8868
14,3,넵튠,,1.8868
14,3,넵튠 아처,,1.8868
14,3,암살단 칠흑,,1.8868
14,3,다크 메이지,,1.8868
14,3,네케브,,1.8868
14,3,바알베크의 사령관,,1.8868
14,3,유피테르의 사념,,1.8868
14,3,엘사라드,,1.8868
14,3,아바돈,,1.8868
14,3,아누비스,,1.8868
14,3,여신 칼리,,1.8868
14,3,센티넬,,1.8868
14,3,엠퍼사이저,,1.8868
14,3,각성한 라르카,,1.8868
14,3,스나이퍼 로즈레인,,1.8868
14,3,카오스 가디언,,1.8868
14,3,수라,,1.8868
14,3,베놈리퍼,,1.8868
14,3,다크 어쌔신,,1.8868
14,3,오페르시나 어쌔신,,1.8868
14,3,메타트론 어쌔신,,1.8868
14,3,넵튠 슬레이어,,1.8868
14,3,암살단 일격,,1.8868
14,3,바알베크의 집행관,,1.8868
14,3,미드나잇 아르테미스,,1.8868
14,3,이자벨,,1.8868
14,3,카를로스,,1.8868
14,3,미드나잇 에르메스,,1.8868
14,3,제롬,,1.8868
14,3,레오넬,,1.8868
14,3,아델리아,,1.8868
14,3,이안,,1.8868
14,3,팔란,,1.8868
14,3,리치 나이트,,1.8868
14,3,라르카 강궁병,,1.8868
14,3,릴리안,,1.8868
14,3,라르카 집행자,,1.8868
14,3,인페르노,,5.263
14,3,인페르노 아처,,5.263
14,3,인페르노 위저드,,5.263
14,3,벨켄,,5.263
14,3,벨리타,,5.263
14,3,호텐 플로츠,,5.263
14,3,카를린,,5.263
14,3,네드라스,,5.263
14,3,바이스,,5.263
14,3,인페르노 어쌔신,,5.263
14,3,크리스,,5.263
14,3,용 수호자 카발,,5.263
14,3,용 수호자 엘리아,,5.263
14,3,용 수호자 디트리오,,5.263
14,3,용 수호자 셀라,,5.263
14,3,바다의 헤라켄,,5.263
14,3,바람의 유게네스,,5.263
14,3,불꽃의 벨제뷔트,,5.263
14,3,대지의 가이아스,,5.263
14,4,인페르노,,5.263
14,4,인페르노 아처,,5.263
14,4,인페르노 위저드,,5.263
14,4,벨켄,,5.263
14,4,벨리타,,5.263
14,4,호텐 플로츠,,5.263
14,4,카를린,,5.263
14,4,네드라스,,5.263
14,4,바이스,,5.263
14,4,인페르노 어쌔신,,5.263
14,4,크리스,,5.263
14,4,용 수호자 카발,,5.263
14,4,용 수호자 엘리아,,5.263
14,4,용 수호자 디트리오,,5.263
14,4,용 수호자 셀라,,5.263
14,4,바다의 헤라켄,,5.263
14,4,바람의 유게네스,,5.263
14,4,불꽃의 벨제뷔트,,5.263
14,4,대지의 가이아스,,5.263
14,4,그리헨텔,,12.5
14,4,그리헨텔 아처,,12.5
14,4,그리헨텔 위저드,,12.5
14,4,그리헨텔 어쌔신,,12.5
14,4,메테오스,,12.5
14,4,메테오스 아처,,12.5
14,4,메테오스 위저드,,12.5
14,4,메테오스 어쌔신,,12.5
14,10204,다크 나이트,,1.4019
14,10204,메타트론 아처,,2.8684
14,10204,데빌헌터,,1.4019
14,10204,메타트론,,2.8684
14,10204,아폴론,,2.8684
14,10204,아르테미스,,2.8684
14,10204,다크 스팅어,,1.4019
14,10204,엘더 스팅어,,1.4019
14,10204,크로노스,,2.8684
14,10204,오페르시나,,2.8684
14,10204,크로노스 아처,,2.8684
14,10204,오페르시나 아처,,2.8684
14,10204,비숍,,2.8684
14,10204,에리스,,2.8684
14,10204,발키리,,1.4019
14,10204,암살단 암흑,,2.8684
14,10204,넵튠,,2.8684
14,10204,넵튠 아처,,2.8684
14,10204,암살단 칠흑,,2.8684
14,10204,다크 메이지,,1.4019
14,10204,네케브,,2.8684
14,10204,바알베크의 사령관,,2.8684
14,10204,유피테르의 사념,,2.8684
14,10204,엘사라드,,2.8684
14,10204,아바돈,,2.8684
14,10204,아누비스,,2.8684
14,10204,여신 칼리,,1.4019
14,10204,센티넬,,2.8684
14,10204,엠퍼사이저,,2.8684
14,10204,각성한 라르카,,1.4019
14,10204,스나이퍼 로즈레인,,1.4019
14,10204,카오스 가디언,,1.4019
14,10204,수라,,2.8675
14,10204,베놈리퍼,,1.4019
14,10204,다크 어쌔신,,1.4019
14,10204,오페르시나 어쌔신,,2.8675
14,10204,메타트론 어쌔신,,2.8675
14,10204,넵튠 슬레이어,,2.8675
14,10204,암살단 일격,,2.8675
14,10204,바알베크의 집행관,,2.8675
14,10204,미드나잇 아르테미스,,2.8675
14,10203,다크 나이트,,2.4391
14,10203,메타트론 아처,,2.4391
14,10203,데빌헌터,,2.4391
14,10203,메타트론,,2.4391
14,10203,아폴론,,2.4391
14,10203,아르테미스,,2.4391
14,10203,다크 스팅어,,2.4391
14,10203,엘더 스팅어,,2.4391
14,10203,크로노스,,2.4391
14,10203,오페르시나,,2.4391
14,10203,크로노스 아처,,2.439
14,10203,오페르시나 아처,,2.439
14,10203,비숍,,2.439
14,10203,에리스,,2.439
14,10203,발키리,,2.439
14,10203,암살단 암흑,,2.439
14,10203,넵튠,,2.439
14,10203,넵튠 아처,,2.439
14,10203,암살단 칠흑,,2.439
14,10203,다크 메이지,,2.439
14,10203,네케브,,2.439
14,10203,바알베크의 사령관,,2.439
14,10203,유피테르의 사념,,2.439
14,10203,엘사라드,,2.439
14,10203,아바돈,,2.439
14,10203,아누비스,,2.439
14,10203,여신 칼리,,2.439
14,10203,센티넬,,2.439
14,10203,엠퍼사이저,,2.439
14,10203,각성한 라르카,,2.439
14,10203,스나이퍼 로즈레인,,2.439
14,10203,카오스 가디언,,2.439
14,10203,수라,,2.439
14,10203,베놈리퍼,,2.439
14,10203,다크 어쌔신,,2.439
14,10203,오페르시나 어쌔신,,2.439
14,10203,메타트론 어쌔신,,2.439
14,10203,넵튠 슬레이어,,2.439
14,10203,암살단 일격,,2.439
14,10203,바알베크의 집행관,,2.439
14,10203,미드나잇 아르테미스,,2.439
14,10203,인페르노,,9.0911
14,10203,인페르노 아처,,9.0911
14,10203,인페르노 위저드,,9.0911
14,10203,벨켄,,9.0911
14,10203,벨리타,,9.0911
14,10203,호텐 플로츠,,9.0911
14,10203,카를린,,9.0911
14,10203,네드라스,,9.0911
14,10203,바이스,,9.0911
14,10203,크리스,,9.0901
14,10203,인페르노 어쌔신,,9.0901
14,10202,벨켄,,9.091
14,10202,벨리타,,9.091
14,10202,호텐 플로츠,,9.091
14,10202,카를린,,9.0909
14,10202,네드라스,,9.0909
14,10202,바이스,,9.0909
14,10202,크리스,,9.0909
14,10202,인페르노 어쌔신,,9.0909
14,10202,인페르노,,9.0909
14,10202,인페르노 아처,,9.0909
14,10202,인페르노 위저드,,9.0909
14,10202,그리헨텔,,25
14,10202,그리헨텔 아처,,25
14,10202,그리헨텔 위저드,,25
14,10202,그리헨텔 어쌔신,,25
14,10020,다크 나이트,,1.2471
14,10020,메타트론 아처,,2.211
14,10020,데빌헌터,,1.2471
14,10020,메타트론,,2.211
14,10020,아폴론,,2.211
14,10020,이프리트,,0.6235
14,10020,아르테미스,,2.211
14,10020,다크 스팅어,,1.2471
14,10020,엘더 스팅어,,1.2471
14,10020,듀라한,,0.6235
14,10020,크로노스,,2.211
14,10020,오페르시나,,2.211
14,10020,크로노스 아처,,2.211
14,10020,오페르시나 아처,,2.211
14,10020,비숍,,2.211
14,10020,에리스,,2.211
14,10020,발키리,,1.2471
14,10020,암살단 암흑,,2.211
14,10020,넵튠,,2.211
14,10020,넵튠 아처,,2.211
14,10020,암살단 칠흑,,2.211
14,10020,다크 메이지,,1.2471
14,10020,네케브,,2.211
14,10020,바알베크의 사령관,,2.211
14,10020,유피테르의 사념,,2.2109
14,10020,엘사라드,,2.2109
14,10020,아바돈,,2.2109
14,10020,아누비스,,2.2109
14,10020,여신 칼리,,1.2471
14,10020,센티넬,,2.2109
14,10020,엠퍼사이저,,2.2109
14,10020,각성한 라르카,,1.2471
14,10020,스나이퍼 로즈레인,,1.2471
14,10020,카오스 가디언,,1.2471
14,10020,수라,,2.2109
14,10020,베놈리퍼,,1.2471
14,10020,다크 어쌔신,,1.2471
14,10020,오페르시나 어쌔신,,2.2109
14,10020,메타트론 어쌔신,,2.2109
14,10020,넵튠 슬레이어,,2.2109
14,10020,암살단 일격,,2.2109
14,10020,바알베크의 집행관,,2.2109
14,10020,미드나잇 아르테미스,,2.2109
14,10020,이자벨,,1.2471
14,10020,카를로스,,1.2471
14,10020,미드나잇 에르메스,,1.2471
14,10020,제롬,,1.2471
14,10020,휠카셀,,2.2109
14,10020,엘로이,,0.6235
14,10020,레오넬,,1.2471
14,10020,아델리아,,1.2471
14,10020,이안,,1.2471
14,10020,팔란,,1.2471
14,10020,로드 오브 아크리언,,0.6235
14,10020,릴리언스,,0.6235
14,10020,릴리아,,0.6235
14,10020,리치 나이트,,1.2471
14,10020,라르카 강궁병,,1.2471
14,10020,릴리안,,1.2471
14,10020,라르카 집행자,,1.2471
14,10011,다크 나이트,,1.1898
14,10011,메타트론 아처,,2.4637
14,10011,데빌헌터,,1.1898
14,10011,메타트론,,2.4637
14,10011,아폴론,,2.4637
14,10011,아르테미스,,2.4637
14,10011,다크 스팅어,,1.1898
14,10011,엘더 스팅어,,1.1898
14,10011,크로노스,,2.4636
14,10011,오페르시나,,2.4636
14,10011,크로노스 아처,,2.4636
14,10011,오페르시나 아처,,2.4636
14,10011,비숍,,2.4636
14,10011,에리스,,2.4636
14,10011,발키리,,1.1898
14,10011,암살단 암흑,,2.4636
14,10011,넵튠,,2.4636
14,10011,넵튠 아처,,2.4636
14,10011,암살단 칠흑,,2.4636
14,10011,다크 메이지,,1.1898
14,10011,네케브,,2.4636
14,10011,바알베크의 사령관,,2.4636
14,10011,유피테르의 사념,,2.4636
14,10011,엘사라드,,2.4636
14,10011,아바돈,,2.4636
14,10011,아누비스,,2.4636
14,10011,여신 칼리,,1.1898
14,10011,센티넬,,2.4636
14,10011,엠퍼사이저,,2.4636
14,10011,각성한 라르카,,1.1898
14,10011,스나이퍼 로즈레인,,1.1898
14,10011,카오스 가디언,,1.1898
14,10011,수라,,2.4636
14,10011,베놈리퍼,,1.1898
14,10011,다크 어쌔신,,1.1898
14,10011,오페르시나 어쌔신,,2.4636
14,10011,메타트론 어쌔신,,2.4636
14,10011,넵튠 슬레이어,,2.4636
14,10011,암살단 일격,,2.4636
14,10011,바알베크의 집행관,,2.4636
14,10011,미드나잇 아르테미스,,2.4636
14,10011,이자벨,,1.1898
14,10011,카를로스,,1.1898
14,10011,미드나잇 에르메스,,1.1898
14,10011,제롬,,1.1898
14,10011,레오넬,,1.1898
14,10011,아델리아,,1.1898
14,10011,이안,,1.1898
14,10011,팔란,,1.1898
14,10011,리치 나이트,,1.1898
14,10011,라르카 강궁병,,1.1898
14,10011,릴리안,,1.1898
14,10011,라르카 집행자,,1.1898
14,10010,인페르노,,5.2632
14,10010,인페르노 아처,,5.2632
14,10010,인페르노 위저드,,5.2632
14,10010,벨켄,,5.2632
14,10010,벨리타,,5.2632
14,10010,호텐 플로츠,,5.2632
14,10010,카를린,,5.2632
14,10010,네드라스,,5.2632
14,10010,바이스,,5.2632
14,10010,크리스,,5.2632
14,10010,인페르노 어쌔신,,5.2632
14,10010,용 수호자 카발,,5.2631
14,10010,용 수호자 엘리아,,5.2631
14,10010,용 수호자 디트리오,,5.2631
14,10010,용 수호자 셀라,,5.2631
14,10010,바다의 헤라켄,,5.2631
14,10010,바람의 유게네스,,5.2631
14,10010,불꽃의 벨제뷔트,,5.2631
14,10010,대지의 가이아스,,5.2631
14,10012,그리헨텔,,12.5
14,10012,그리헨텔 아처,,12.5
14,10012,그리헨텔 위저드,,12.5
14,10012,그리헨텔 어쌔신,,12.5
14,10012,메테오스,,12.5
14,10012,메테오스 아처,,12.5
14,10012,메테오스 위저드,,12.5
14,10012,메테오스 어쌔신,,12.5
14,630803,그리헨텔,,12.5
14,630803,그리헨텔 아처,,12.5
14,630803,그리헨텔 위저드,,12.5
14,630803,그리헨텔 어쌔신,,12.5
14,630803,메테오스,,12.5
14,630803,메테오스 아처,,12.5
14,630803,메테오스 위저드,,12.5
14,630803,메테오스 어쌔신,,12.5
1,360000,캣시,10008,9.9047
1,360000,갈리,10008,9.9047
1,360000,코볼트,10008,9.9047
1,360000,로비어,10008,9.9047
1,360000,레무르,10008,9.9047
1,360000,맨드레이크,10008,9.9047
1,360000,넛츠,10008,9.9046
1,360000,스컬리,10008,9.9046
1,360000,뚱냥,10008,2.2458
1,360000,가고일,10008,2.2458
1,360000,와이번,10008,2.2458
1,360000,인형 테디,10008,2.2458
1,360000,인형 레비,10008,2.2457
1,360000,로간,10008,2.2457
1,360000,녹튜,10008,2.2457
1,360000,플라틀,10008,2.2457
1,360000,맨드라퀸,10008,2.2457
1,360000,이그리트,10008,0.0551
1,360000,레비아탄,10008,0.0551
1,360000,테이아,10008,0.0551
1,360000,웬투스,10008,0.0551
1,360000,루멘,10008,0.0551
1,360000,칼리고,10008,0.0551
1,360000,켈베로스,10008,0.0551
1,360000,스피릿 매지션,10008,0.0551
1,360000,엠퍼,10008,0.0551
1,360000,팬텀,10008,0.055
1,360001,캣시,10009,9.8937
1,360001,갈리,10009,9.8937
1,360001,코볼트,10009,9.8937
1,360001,로비어,10009,9.8937
1,360001,레무르,10009,9.8936
1,360001,맨드레이크,10009,9.8936
1,360001,넛츠,10009,9.8936
1,360001,스컬리,10009,9.8936
1,360001,뚱냥,10009,2.2458
1,360001,가고일,10009,2.2458
1,360001,와이번,10009,2.2458
1,360001,인형 테디,10009,2.2458
1,360001,인형 레비,10009,2.2457
1,360001,로간,10009,2.2457
1,360001,녹튜,10009,2.2457
1,360001,플라틀,10009,2.2457
1,360001,맨드라퀸,10009,2.2457
1,360001,이그리트,10009,0.0501
1,360001,레비아탄,10009,0.0501
1,360001,테이아,10009,0.0501
1,360001,웬투스,10009,0.0501
1,360001,루멘,10009,0.0501
1,360001,칼리고,10009,0.0501
1,360001,켈베로스,10009,0.0501
1,360001,스피릿 매지션,10009,0.0501
1,360001,엠퍼,10009,0.0501
1,360001,팬텀,10009,0.05
1,360001,라이칸,10009,0.05
1,360001,화염의 이그리트,10009,0.0147
1,360001,심해의 레비아탄,10009,0.0147
1,360001,황야의 테이아,10009,0.0147
1,360001,돌풍의 웬투스,10009,0.0147
1,360001,홍염의 루멘,10009,0.0147
1,360001,월광의 칼리고,10009,0.0147
1,360003,캣시,10000,9.8937
1,360003,갈리,10000,9.8937
1,360003,코볼트,10000,9.8937
1,360003,로비어,10000,9.8937
1,360003,레무르,10000,9.8936
1,360003,맨드레이크,10000,9.8936
1,360003,넛츠,10000,9.8936
1,360003,스컬리,10000,9.8936
1,360003,뚱냥,10000,2.0212
1,360003,가고일,10000,2.0212
1,360003,와이번,10000,2.0212
1,360003,인형 테디,10000,2.0212
1,360003,인형 레비,10000,2.0212
1,360003,로간,10000,2.0212
1,360003,녹튜,10000,2.0212
1,360003,플라틀,10000,2.0211
1,360003,레이지,10000,2.0211
1,360003,맨드라퀸,10000,2.0211
1,360003,이그리트,10000,0.0223
1,360003,레비아탄,10000,0.0223
1,360003,테이아,10000,0.0223
1,360003,웬투스,10000,0.0223
1,360003,루멘,10000,0.0223
1,360003,칼리고,10000,0.0223
1,360003,켈베로스,10000,0.0223
1,360003,스피릿 매지션,10000,0.0223
1,360003,엠퍼,10000,0.0223
1,360003,팬텀,10000,0.0223
1,360003,라이칸,10000,0.0223
1,360003,찰스,10000,0.0169
1,360003,미노타우르스,10000,0.0223
1,360003,마법인형 벡,10000,0.0222
1,360003,마법인형 알레브,10000,0.0222
1,360003,혼돈의 유니콘,10000,0.0222
1,360003,질서의 유니콘,10000,0.0222
1,360003,그라둔,10000,0.0222
1,360003,스핑크스,10000,0.0222
1,360003,폴라베어,10000,0.0222
1,360003,화과산 돌 원숭이,10000,0.0222
1,360003,땅의 정령,10000,0.0222
1,360003,물의 정령,10000,0.0222
1,360003,바람의 정령,10000,0.0222
1,360003,불의 정령,10000,0.0222
1,360003,쌍둥이 창병 폴,10000,0.0029
1,360003,쌍둥이 창병 암,10000,0.0029
1,360003,화염의 이그리트,10000,0.0087
1,360003,심해의 레비아탄,10000,0.0087
1,360003,황야의 테이아,10000,0.0087
1,360003,돌풍의 웬투스,10000,0.0087
1,360003,홍염의 루멘,10000,0.0087
1,360003,월광의 칼리고,10000,0.0087
1,360003,제천대성 오공,10000,0.0029
1,360003,대지의 고일,10000,0.0029
1,360003,라르카의 마법인형,10000,0.0029
1,360003,듀라한,10000,0.0029
1,360003,리치 퀸,10000,0.0029
1,360003,스켈레톤 킹,10000,0.0029
1,360003,지휘관 투랑카,10000,0.0029
1,360003,추장 오크볼그,10000,0.0029
1,360003,여왕 마브,10000,0.0029
1,360003,푸른 달의 헤이크단,10000,0.0013
1,360003,해방된 헬게이트 가디언,10000,0.0028
1,660016,쌍둥이 창병 폴,10011,3.3639
1,660016,쌍둥이 창병 암,10011,3.3639
1,660016,화염의 이그리트,10011,9.9389
1,660016,심해의 레비아탄,10011,9.9389
1,660016,황야의 테이아,10011,9.9389
1,660016,돌풍의 웬투스,10011,9.9389
1,660016,홍염의 루멘,10011,9.9388
1,660016,월광의 칼리고,10011,9.9388
1,660016,제천대성 오공,10011,3.3639
1,660016,대지의 고일,10011,3.3639
1,660016,라르카의 마법인형,10011,3.3639
1,660016,듀라한,10011,3.3639
1,660016,리치 퀸,10011,3.3639
1,660016,스켈레톤 킹,10011,3.3639
1,660016,지휘관 투랑카,10011,3.3639
1,660016,추장 오크볼그,10011,3.3639
1,660016,여왕 마브,10011,3.3639
1,660016,해방된 헬게이트 가디언,10011,3.3639
1,660015,마릿트,10010,7.6924
1,660015,샤이탄,10010,7.6923
1,660015,히들,10010,7.6923
1,660015,크루햄,10010,7.6923
1,660015,콘보,10010,7.6923
1,660015,버터클,10010,7.6923
1,660015,화타포스,10010,7.6923
1,660015,벨제뷔트,10010,7.6923
1,660015,아타락시아,10010,7.6923
1,660015,백호,10010,7.6923
1,660015,주작,10010,7.6923
1,660015,청룡,10010,7.6923
1,660015,현무,10010,7.6923
1,660022,뚱냥,10004,11
1,660022,가고일,10004,11
1,660022,와이번,10004,11
1,660022,인형 테디,10004,11
1,660022,인형 레비,10004,11
1,660022,로간,10004,11
1,660022,녹튜,10004,11
1,660022,플라틀,10004,11
1,660022,레이지,10004,1
1,660022,맨드라퀸,10004,11
1,360006,이그리트,10005,4.0378
1,360006,레비아탄,10005,4.0378
1,360006,테이아,10005,4.0378
1,360006,웬투스,10005,4.0378
1,360006,루멘,10005,4.0378
1,360006,칼리고,10005,4.0378
1,360006,켈베로스,10005,4.0378
1,360006,스피릿 매지션,10005,4.0378
1,360006,엠퍼,10005,4.0378
1,360006,팬텀,10005,4.0378
1,360006,라이칸,10005,4.0378
1,360006,미노타우르스,10005,4.0378
1,360006,찰스,10005,3.0928
1,360006,마법인형 벡,10005,4.0378
1,360006,마법인형 알레브,10005,4.0378
1,360006,혼돈의 유니콘,10005,4.0378
1,360006,질서의 유니콘,10005,4.0378
1,360006,그라둔,10005,4.0378
1,360006,스핑크스,10005,4.0378
1,360006,폴라베어,10005,4.0378
1,360006,화과산 돌 원숭이,10005,4.0378
1,360006,땅의 정령,10005,4.0378
1,360006,물의 정령,10005,4.0378
1,360006,바람의 정령,10005,4.0378
1,360006,불의 정령,10005,4.0378
1,360007,쌍둥이 창병 폴,10006,3.3082
1,360007,쌍둥이 창병 암,10006,3.3082
1,360007,화염의 이그리트,10006,9.7746
1,360007,심해의 레비아탄,10006,9.7746
1,360007,황야의 테이아,10006,9.7746
1,360007,돌풍의 웬투스,10006,9.7746
1,360007,홍염의 루멘,10006,9.7746
1,360007,월광의 칼리고,10006,9.7746
1,360007,제천대성 오공,10006,3.3082
1,360007,대지의 고일,10006,3.3082
1,360007,라르카의 마법인형,10006,3.3082
1,360007,듀라한,10006,3.3082
1,360007,리치 퀸,10006,3.3082
1,360007,스켈레톤 킹,10006,3.3082
1,360007,지휘관 투랑카,10006,3.3082
1,360007,추장 오크볼그,10006,3.3082
1,360007,여왕 마브,10006,3.3082
1,360007,푸른 달의 헤이크단,10006,1.6541
1,360007,해방된 헬게이트 가디언,10006,3.3081
1,660106,캣시,10102,9.8937
1,660106,갈리,10102,9.8937
1,660106,코볼트,10102,9.8937
1,660106,로비어,10102,9.8937
1,660106,레무르,10102,9.8936
1,660106,맨드레이크,10102,9.8936
1,660106,넛츠,10102,9.8936
1,660106,스컬리,10102,9.8936
1,660106,뚱냥,10102,2.0212
1,660106,가고일,10102,2.0212
1,660106,와이번,10102,2.0212
1,660106,인형 테디,10102,2.0212
1,660106,인형 레비,10102,2.0212
1,660106,로간,10102,2.0212
1,660106,녹튜,10102,2.0212
1,660106,플라틀,10102,2.0211
1,660106,레이지,10102,2.0211
1,660106,맨드라퀸,10102,2.0211
1,660106,이그리트,10102,0.0374
1,660106,레비아탄,10102,0.0374
1,660106,테이아,10102,0.0373
1,660106,웬투스,10102,0.0373
1,660106,루멘,10102,0.0373
1,660106,칼리고,10102,0.0373
1,660106,켈베로스,10102,0.0373
1,660106,스피릿 매지션,10102,0.0373
1,660106,엠퍼,10102,0.0373
1,660106,팬텀,10102,0.0373
1,660106,라이칸,10102,0.0373
1,660106,찰스,10102,0.0285
1,660106,미노타우르스,10102,0.0373
1,660106,마법인형 벡,10102,0.0373
1,660106,마법인형 알레브,10102,0.0373
1,660106,쌍둥이 창병 폴,10102,0.0028
1,660106,쌍둥이 창병 암,10102,0.0028
1,660106,화염의 이그리트,10102,0.0095
1,660106,심해의 레비아탄,10102,0.0095
1,660106,황야의 테이아,10102,0.0096
1,660106,돌풍의 웬투스,10102,0.0096
1,660106,홍염의 루멘,10102,0.0096
1,660106,월광의 칼리고,10102,0.0096
1,660106,제천대성 오공,10102,0.0028
1,660106,욕망의 릴리스,10102,0.0028
1,660106,대지의 고일,10102,0.0028
1,660106,라르카의 마법인형,10102,0.0028
1,660106,정열의 아그니,10102,0.0028
1,660106,듀라한,10102,0.0028
1,660106,리치 퀸,10102,0.0028
1,660106,스켈레톤 킹,10102,0.0028
1,660106,지휘관 투랑카,10102,0.0028
1,660211,뚱냥,10209,8.3001
1,660211,가고일,10209,8.3001
1,660211,와이번,10209,8.3001
1,660211,인형 테디,10209,8.3001
1,660211,인형 레비,10209,8.3001
1,660211,로간,10209,8.3001
1,660211,녹튜,10209,8.3001
1,660211,플라틀,10209,8.3001
1,660211,레이지,10209,8.3
1,660211,맨드라퀸,10209,8.3
1,660211,이그리트,10209,0.6884
1,660211,레비아탄,10209,0.6884
1,660211,테이아,10209,0.6884
1,660211,웬투스,10209,0.6884
1,660211,루멘,10209,0.6884
1,660211,칼리고,10209,0.6884
1,660211,켈베로스,10209,0.6884
1,660211,스피릿 매지션,10209,0.6858
1,660211,엠퍼,10209,0.6858
1,660211,팬텀,10209,0.6858
1,660211,라이칸,10209,0.6858
1,660211,찰스,10209,0.5227
1,660211,미노타우르스,10209,0.6858
1,660211,마법인형 벡,10209,0.6858
1,660211,마법인형 알레브,10209,0.6858
1,660211,혼돈의 유니콘,10209,0.6858
1,660211,질서의 유니콘,10209,0.6857
1,660211,그라둔,10209,0.6857
1,660211,스핑크스,10209,0.6857
1,660211,폴라베어,10209,0.6857
1,660211,화과산 돌 원숭이,10209,0.6857
1,660211,땅의 정령,10209,0.6857
1,660211,물의 정령,10209,0.6857
1,660211,바람의 정령,10209,0.6857
1,660211,불의 정령,10209,0.6857
1,660210,이그리트,10208,3.6039
1,660210,레비아탄,10208,3.6039
1,660210,테이아,10208,3.6039
1,660210,웬투스,10208,3.6039
1,660210,루멘,10208,3.6039
1,660210,칼리고,10208,3.6039
1,660210,켈베로스,10208,3.6039
1,660210,스피릿 매지션,10208,3.5904
1,660210,엠퍼,10208,3.5904
1,660210,팬텀,10208,3.5904
1,660210,라이칸,10208,3.5904
1,660210,찰스,10208,2.7368
1,660210,미노타우르스,10208,3.5904
1,660210,마법인형 벡,10208,3.5904
1,660210,마법인형 알레브,10208,3.5904
1,660210,혼돈의 유니콘,10208,3.5904
1,660210,질서의 유니콘,10208,3.5903
1,660210,그라둔,10208,3.5903
1,660210,스핑크스,10208,3.5903
1,660210,폴라베어,10208,3.5903
1,660210,화과산 돌 원숭이,10208,3.5903
1,660210,땅의 정령,10208,3.5903
1,660210,물의 정령,10208,3.5903
1,660210,바람의 정령,10208,3.5903
1,660210,불의 정령,10208,3.5903
1,660210,쌍둥이 창병 폴,10208,0.3839
1,660210,쌍둥이 창병 암,10208,0.3839
1,660210,화염의 이그리트,10208,1.0336
1,660210,심해의 레비아탄,10208,1.0336
1,660210,황야의 테이아,10208,1.0336
1,660210,돌풍의 웬투스,10208,1.0336
1,660210,홍염의 루멘,10208,1.0336
1,660210,월광의 칼리고,10208,1.0336
1,660210,제천대성 오공,10208,0.3839
1,660210,대지의 고일,10208,0.3839
1,660210,라르카의 마법인형,10208,0.3839
1,660210,듀라한,10208,0.3839
1,660210,리치 퀸,10208,0.3839
1,660210,스켈레톤 킹,10208,0.3839
1,660210,지휘관 투랑카,10208,0.3839
1,660210,추장 오크볼그,10208,0.3839
1,660210,여왕 마브,10208,0.3838
1,660210,푸른 달의 헤이크단,10208,0.1918
1,660210,해방된 헬게이트 가디언,10208,0.3838
1,660207,뚱냥,10205,8.3001
1,660207,가고일,10205,8.3001
1,660207,와이번,10205,8.3001
1,660207,인형 테디,10205,8.3001
1,660207,인형 레비,10205,8.3001
1,660207,로간,10205,8.3001
1,660207,녹튜,10205,8.3001
1,660207,플라틀,10205,8.3001
1,660207,레이지,10205,8.3
1,660207,맨드라퀸,10205,8.3
1,660207,이그리트,10205,0.7083
1,660207,레비아탄,10205,0.7083
1,660207,테이아,10205,0.7083
1,660207,웬투스,10205,0.7083
1,660207,루멘,10205,0.7083
1,660207,칼리고,10205,0.7083
1,660207,켈베로스,10205,0.7083
1,660207,스피릿 매지션,10205,0.7083
1,660207,엠퍼,10205,0.7083
1,660207,팬텀,10205,0.7083
1,660207,라이칸,10205,0.7083
1,660207,미노타우르스,10205,0.7083
1,660207,마법인형 벡,10205,0.7083
1,660207,마법인형 알레브,10205,0.7083
1,660207,혼돈의 유니콘,10205,0.7083
1,660207,질서의 유니콘,10205,0.7083
1,660207,그라둔,10205,0.7083
1,660207,스핑크스,10205,0.7083
1,660207,폴라베어,10205,0.7083
1,660207,화과산 돌 원숭이,10205,0.7083
1,660207,땅의 정령,10205,0.7083
1,660207,물의 정령,10205,0.7083
1,660207,바람의 정령,10205,0.7083
1,660207,불의 정령,10205,0.7083
1,501005,숙련의 매터리얼[일반],1005,10
1,501005,영혼의 매터리얼[일반],1005,30
1,501005,수호의 매터리얼[일반],1005,25
1,501005,파괴의 매터리얼[일반],1005,5
1,501005,생명의 매터리얼[일반],1005,30
1,501013,숙련의 매터리얼[일반],10003,8
1,501013,영혼의 매터리얼[일반],10003,24
1,501013,수호의 매터리얼[일반],10003,20
1,501013,파괴의 매터리얼[일반],10003,4
1,501013,생명의 매터리얼[일반],10003,24
1,501013,숙련의 매터리얼[고급],10003,2
1,501013,영혼의 매터리얼[고급],10003,6
1,501013,수호의 매터리얼[고급],10003,5
1,501013,파괴의 매터리얼[고급],10003,1
1,501013,생명의 매터리얼[고급],10003,6
1,1100301,숙련의 매터리얼[고급],10016,10
1,1100301,영혼의 매터리얼[고급],10016,30
1,1100301,수호의 매터리얼[고급],10016,25
1,1100301,파괴의 매터리얼[고급],10016,5
1,1100301,생명의 매터리얼[고급],10016,30
1,1100300,숙련의 매터리얼[희귀],10008,10
1,1100300,영혼의 매터리얼[희귀],10008,30
1,1100300,수호의 매터리얼[희귀],10008,25
1,1100300,파괴의 매터리얼[희귀],10008,5
1,1100300,생명의 매터리얼[희귀],10008,30
1,1100026,숙련의 매터리얼[영웅],10033,10
1,1100026,영혼의 매터리얼[영웅],10033,30
1,1100026,수호의 매터리얼[영웅],10033,25
1,1100026,파괴의 매터리얼[영웅],10033,5
1,1100026,생명의 매터리얼[영웅],10033,30
1,1110204,숙련의 매터리얼[고급],11204,14.5
1,1110204,영혼의 매터리얼[고급],11204,30
1,1110204,수호의 매터리얼[고급],11204,20
1,1110204,파괴의 매터리얼[고급],11204,5
1,1110204,생명의 매터리얼[고급],11204,30
1,1110204,숙련의 매터리얼[희귀],11204,0.08
1,1110204,영혼의 매터리얼[희귀],11204,0.135
1,1110204,수호의 매터리얼[희귀],11204,0.1
1,1110204,파괴의 매터리얼[희귀],11204,0.05
1,1110204,생명의 매터리얼[희귀],11204,0.135
1,1110122,숙련의 매터리얼[일반],11122,10.425
1,1110122,영혼의 매터리얼[일반],11122,17.375
1,1110122,수호의 매터리얼[일반],11122,17.375
1,1110122,파괴의 매터리얼[일반],11122,6.95
1,1110122,생명의 매터리얼[일반],11122,17.375
1,1110122,숙련의 매터리얼[고급],11122,4.5
1,1110122,영혼의 매터리얼[고급],11122,7.5
1,1110122,수호의 매터리얼[고급],11122,7.5
1,1110122,파괴의 매터리얼[고급],11122,3
1,1110122,생명의 매터리얼[고급],11122,7.5
1,1110122,숙련의 매터리얼[희귀],11122,0.075
1,1110122,영혼의 매터리얼[희귀],11122,0.125
1,1110122,수호의 매터리얼[희귀],11122,0.125
1,1110122,파괴의 매터리얼[희귀],11122,0.05
1,1110122,생명의 매터리얼[희귀],11122,0.125
1,910317,시간의 모래 : 필드 던전,,25
1,910317,시간의 모래 : 발레포르 던전,,25
1,910317,시간의 모래 : 원시해적의 동굴,,25
1,910317,시간의 모래[하급] : 메테오스의 탑,,25
1,1110187,마나에 물든 파피루스,,99
1,1110187,마나에 물든 상급 파피루스,,1
1,910397,시간의 모래[하급] : 메테오스의 탑,,50
1,910397,시간의 모래 : 엘테르 던전,,15
1,910397,시간의 모래 : 만월의 유적지,,15
1,910397,시간의 모래 : 발레포르 던전,,10
1,910397,시간의 모래 : 원시해적의 동굴,,10
1,1110197,매터리얼 슬롯 강화 주문서,,95
1,1110197,매터리얼 교환 증서[희귀],,4.5
1,1110197,매터리얼 교환 증서[영웅],,0.5
1,1110207,슬롯 강화 주문서,,90
1,1110207,고대의 슬롯 강화 주문서,,10
1,1110264,희귀 서번트 확정 뽑기권,,90
1,1110264,희귀~영웅 서번트 뽑기권[프로모션],,7
1,1110264,영웅 서번트 확정 뽑기권[프로모션],,3
1,1110265,희귀 변신 확정 뽑기권,,90
1,1110265,희귀~영웅 변신 뽑기권[프로모션],,7
1,1110265,영웅 변신 확정 뽑기권[프로모션],,3
1,310014,인퍼날,10300,4.076
1,310014,버서커,10300,4.076
1,310014,가고일,10300,4.076
1,310014,데몬 스토커,10300,4.0759
1,310014,캐노네이드 키틴,10300,4.0759
1,310014,데몬,10300,4.0759
1,310014,러스트 뱀파이어,10300,4.0759
1,310014,뱀파이어 퀸,10300,4.0759
1,310014,데빌,10300,4.0759
1,310014,스켈레톤 나이트,10300,4.0759
1,310014,뮤,10300,0.9881
1,310014,노움,10300,4.0759
1,310014,오크 전사,10300,4.0759
1,310014,트롤,10300,4.0759
1,310014,루움,10300,4.0759
1,310014,본보우 아크리언,10300,4.0759
1,310014,메테오스 레인저,10300,4.0759
1,310014,임프,10300,4.0759
1,310014,뱅갈 나이트,10300,4.0759
1,310014,바바야가,10300,4.0759
1,310014,메테오스 쉐도우,10300,4.0759
1,310014,트로글다이트,10300,4.0759
1,310014,곰인형,10300,4.0759
1,310014,문엘프 전사,10300,4.0759
1,310014,문엘프 마법사,10300,4.0759
1,310014,레프리컨,10300,0.0202
1,310014,몽크마스터,10300,0.0202
1,310014,래서 아스타로트,10300,0.0202
1,310014,드래곤 나이트,10300,0.0202
1,310014,노아스,10300,0.0202
1,310014,엘라임,10300,0.0202
1,310014,크루얼 크루세이더,10300,0.0202
1,310014,퓨리,10300,0.0202
1,310014,광휘의 엘윈더,10300,0.015
1,310014,수호자 엘리엇,10300,0.0202
1,310014,래서 루시퍼,10300,0.0202
1,310014,드래곤 나이트 아처,10300,0.0202
1,310014,님로드 크루세이더,10300,0.0202
1,310014,광휘의 엘로라,10300,0.0202
1,310014,파이어 데몬,10300,0.0202
1,310014,슈리엘,10300,0.0202
1,310014,네크로맨서,10300,0.0202
1,310014,쉐이드 웨폰,10300,0.0202
1,310014,시아페,10300,0.0202
1,310014,골든 엠페러,10300,0.0202
1,310014,레이커,10300,0.0202
1,310014,타락한 엘프,10300,0.0202
1,310014,데스마스터,10300,0.015
1,310014,문라이트 네메시스,10300,0.0202
1,310014,가이아,10300,0.0202
1,310014,수호자 엘리시스,10300,0.015
1,310014,골든 엠페러 아처,10300,0.0202
1,310014,타락한 엘프 아처,10300,0.0202
1,310014,데스마스터 아처,10300,0.015
1,310014,스핀들 네메시스,10300,0.0202
1,310014,가이아 거너,10300,0.0202
1,310014,미드나잇 셀린느,10300,0.015
1,310014,캡틴 라이칸,10300,0.015
1,310014,프린세스,10300,0.015
1,310014,차크람 소녀,10300,0.0202
1,310014,체인 인큐버스,10300,0.0044
1,310014,헌터 노바,10300,0.015
1,310014,길가메쉬 나이트,10300,0.0202
1,310014,길가메쉬 아처,10300,0.0202
1,310014,바바리안,10300,0.02
1,310014,에리세드,10300,0.02
1,310014,아스모데우스,10300,0.015
1,310014,글래디에이터,10300,0.02
1,310014,아크데몬,10300,0.02
1,310014,아수라,10300,0.02
1,310014,헤라클레스,10300,0.02
1,310014,라르카 집정관,10300,0.02
1,310014,리치 킹,10300,0.02
1,310014,황천의 기사,10300,0.02
1,310014,황천의 레인저,10300,0.02
1,310014,그룸프,10300,0.015
1,310014,캐서린,10300,0.015
1,310014,렉스,10300,0.0198
1,310014,나이트 오브 퀸,10300,0.0044
1,310014,나디아,10300,0.0044
1,310014,파이어 워크스,10300,0.0044
1,310014,시리아,10300,0.0044
1,310014,디아나,10300,0.0044
1,310014,트루디,10300,0.0044
1,310014,시에나,10300,0.015
1,310014,코사르,10300,0.015
1,310014,센토,10300,0.015
1,310014,파시에,10300,0.0044
1,310014,베자렐,10300,0.0044
1,310014,벨라,10300,0.0044
1,310014,아니타,10300,0.0044
1,310014,카사,10300,0.0044
1,310014,캐스퍼,10300,0.0044
1,310014,베르디,10300,0.0044
1,310014,블러디 뱀파이어,10300,0.0044
1,310014,다크 나이트,10300,0.001
1,310014,메타트론 아처,10300,0.0021
1,310014,데빌헌터,10300,0.001
1,310014,메타트론,10300,0.0021
1,310014,아폴론,10300,0.002
1,310014,이프리트,10300,0.0006
1,310014,아르테미스,10300,0.002
1,310014,다크 스팅어,10300,0.001
1,310014,엘더 스팅어,10300,0.001
1,310014,듀라한,10300,0.0006
1,310014,크로노스,10300,0.002
1,310014,오페르시나,10300,0.002
1,310014,크로노스 아처,10300,0.002
1,310014,오페르시나 아처,10300,0.002
1,310014,비숍,10300,0.002
1,310014,에리스,10300,0.002
1,310014,발키리,10300,0.001
1,310014,암살단 암흑,10300,0.002
1,310014,넵튠,10300,0.002
1,310014,넵튠 아처,10300,0.002
1,310014,암살단 칠흑,10300,0.002
1,310014,다크 메이지,10300,0.001
1,310014,네케브,10300,0.002
1,310014,바알베크의 사령관,10300,0.002
1,310014,유피테르의 사념,10300,0.002
1,310014,엘사라드,10300,0.002
1,310014,아바돈,10300,0.002
1,310014,아누비스,10300,0.002
1,310014,여신 칼리,10300,0.001
1,310014,센티넬,10300,0.002
1,310014,엠퍼사이저,10300,0.002
1,310014,각성한 라르카,10300,0.001
1,310014,스나이퍼 로즈레인,10300,0.001
1,310014,카오스 가디언,10300,0.001
1,310014,수라,10300,0.002
1,310014,베놈리퍼,10300,0.001
1,310014,다크 어쌔신,10300,0.001
1,310014,오페르시나 어쌔신,10300,0.002
1,310014,메타트론 어쌔신,10300,0.002
1,310014,넵튠 슬레이어,10300,0.002
1,310014,암살단 일격,10300,0.002
1,310014,바알베크의 집행관,10300,0.002
1,310014,미드나잇 아르테미스,10300,0.002
1,310014,이자벨,10300,0.001
1,310014,카를로스,10300,0.001
1,310014,미드나잇 에르메스,10300,0.001
1,310014,제롬,10300,0.001
1,310014,휠카셀,10300,0.002
1,310014,엘로이,10300,0.0005
1,310014,레오넬,10300,0.001
1,310014,아델리아,10300,0.0009
1,310014,이안,10300,0.0009
1,310014,팔란,10300,0.0009
1,310014,로드 오브 아크리언,10300,0.0005
1,310014,릴리언스,10300,0.0005
1,310014,릴리아,10300,0.0005
1,310014,리치 나이트,10300,0.0009
1,310014,라르카 강궁병,10300,0.0009
1,310014,릴리안,10300,0.0009
1,310014,라르카 집행자,10300,0.0009
1,310014,러셀,10300,0.0005
1,310014,아레스 아처,10300,0.0005
1,310014,실피드,10300,0.0005
1,310006,레프리컨,10005,1.8136
1,310006,몽크마스터,10005,1.8136
1,310006,래서 아스타로트,10005,1.8136
1,310006,드래곤 나이트,10005,1.8135
1,310006,노아스,10005,1.8135
1,310006,엘라임,10005,1.8135
1,310006,크루얼 크루세이더,10005,1.8135
1,310006,퓨리,10005,1.8135
1,310006,광휘의 엘윈더,10005,1.3748
1,310006,수호자 엘리엇,10005,1.8135
1,310006,래서 루시퍼,10005,1.8135
1,310006,드래곤 나이트 아처,10005,1.8135
1,310006,님로드 크루세이더,10005,1.8135
1,310006,광휘의 엘로라,10005,1.8135
1,310006,파이어 데몬,10005,1.8135
1,310006,슈리엘,10005,1.8135
1,310006,네크로맨서,10005,1.8135
1,310006,쉐이드 웨폰,10005,1.8135
1,310006,시아페,10005,1.8135
1,310006,골든 엠페러,10005,1.8135
1,310006,레이커,10005,1.8135
1,310006,타락한 엘프,10005,1.8135
1,310006,데스마스터,10005,1.3748
1,310006,문라이트 네메시스,10005,1.8135
1,310006,가이아,10005,1.8135
1,310006,수호자 엘리시스,10005,1.3748
1,310006,골든 엠페러 아처,10005,1.8135
1,310006,타락한 엘프 아처,10005,1.8135
1,310006,데스마스터 아처,10005,1.3748
1,310006,스핀들 네메시스,10005,1.8135
1,310006,가이아 거너,10005,1.8135
1,310006,미드나잇 셀린느,10005,1.3748
1,310006,캡틴 라이칸,10005,1.3748
1,310006,프린세스,10005,1.3748
1,310006,차크람 소녀,10005,1.8135
1,310006,체인 인큐버스,10005,0.4266
1,310006,헌터 노바,10005,1.3748
1,310006,길가메쉬 나이트,10005,1.8135
1,310006,길가메쉬 아처,10005,1.8135
1,310006,바바리안,10005,1.8135
1,310006,에리세드,10005,1.8135
1,310006,아스모데우스,10005,1.3748
1,310006,글래디에이터,10005,1.8135
1,310006,아크데몬,10005,1.8135
1,310006,아수라,10005,1.8135
1,310006,헤라클레스,10005,1.8135
1,310006,라르카 집정관,10005,1.8135
1,310006,리치 킹,10005,1.8135
1,310006,황천의 기사,10005,1.8135
1,310006,황천의 레인저,10005,1.8135
1,310006,그룸프,10005,1.3748
1,310006,캐서린,10005,1.3748
1,310006,렉스,10005,1.8135
1,310006,나이트 오브 퀸,10005,0.4266
1,310006,나디아,10005,0.4266
1,310006,파이어 워크스,10005,0.4266
1,310006,시리아,10005,0.4266
1,310006,디아나,10005,0.4266
1,310006,트루디,10005,0.4266
1,310006,시에나,10005,1.3748
1,310006,코사르,10005,1.3748
1,310006,센토,10005,1.3748
1,310006,파시에,10005,0.4266
1,310006,베자렐,10005,0.4266
1,310006,벨라,10005,0.4266
1,310006,아니타,10005,0.4266
1,310006,카사,10005,0.4266
1,310006,캐스퍼,10005,0.4266
1,310006,베르디,10005,0.4266
1,310006,블러디 뱀파이어,10005,0.4266
1,310007,다크 나이트,10006,1.2242
1,310007,메타트론 아처,10006,2.1705
1,310007,데빌헌터,10006,1.2242
1,310007,메타트론,10006,2.1704
1,310007,아폴론,10006,2.1704
1,310007,이프리트,10006,0.6119
1,310007,아르테미스,10006,2.1704
1,310007,다크 스팅어,10006,1.2242
1,310007,엘더 스팅어,10006,1.2242
1,310007,듀라한,10006,0.6119
1,310007,크로노스,10006,2.1704
1,310007,오페르시나,10006,2.1704
1,310007,크로노스 아처,10006,2.1704
1,310007,오페르시나 아처,10006,2.1704
1,310007,비숍,10006,2.1704
1,310007,에리스,10006,2.1704
1,310007,발키리,10006,1.2242
1,310007,암살단 암흑,10006,2.1704
1,310007,넵튠,10006,2.1704
1,310007,넵튠 아처,10006,2.1704
1,310007,암살단 칠흑,10006,2.1704
1,310007,다크 메이지,10006,1.2242
1,310007,네케브,10006,2.1704
1,310007,바알베크의 사령관,10006,2.1704
1,310007,유피테르의 사념,10006,2.1704
1,310007,엘사라드,10006,2.1704
1,310007,아바돈,10006,2.1704
1,310007,아누비스,10006,2.1704
1,310007,여신 칼리,10006,1.2242
1,310007,센티넬,10006,2.1704
1,310007,엠퍼사이저,10006,2.1704
1,310007,각성한 라르카,10006,1.2242
1,310007,스나이퍼 로즈레인,10006,1.2242
1,310007,카오스 가디언,10006,1.2242
1,310007,수라,10006,2.1704
1,310007,베놈리퍼,10006,1.2242
1,310007,다크 어쌔신,10006,1.2242
1,310007,오페르시나 어쌔신,10006,2.1704
1,310007,메타트론 어쌔신,10006,2.1704
1,310007,넵튠 슬레이어,10006,2.1704
1,310007,암살단 일격,10006,2.1704
1,310007,바알베크의 집행관,10006,2.1704
1,310007,미드나잇 아르테미스,10006,2.1704
1,310007,이자벨,10006,1.2242
1,310007,카를로스,10006,1.2242
1,310007,미드나잇 에르메스,10006,1.2242
1,310007,제롬,10006,1.2242
1,310007,휠카셀,10006,2.1704
1,310007,엘로이,10006,0.6119
1,310007,레오넬,10006,1.2242
1,310007,아델리아,10006,1.2242
1,310007,이안,10006,1.2242
1,310007,팔란,10006,1.2242
1,310007,로드 오브 아크리언,10006,0.6119
1,310007,릴리언스,10006,0.6119
1,310007,릴리아,10006,0.6119
1,310007,리치 나이트,10006,1.2242
1,310007,라르카 강궁병,10006,1.2242
1,310007,릴리안,10006,1.2242
1,310007,라르카 집행자,10006,1.2242
1,310007,러셀,10006,0.6119
1,310007,아레스 아처,10006,0.6119
1,310007,실피드,10006,0.6119
1,630211,인퍼날,10209,3.532
1,630211,버서커,10209,3.532
1,630211,가고일,10209,3.532
1,630211,데몬 스토커,10209,3.5319
1,630211,캐노네이드 키틴,10209,3.5319
1,630211,데몬,10209,3.5319
1,630211,러스트 뱀파이어,10209,3.5319
1,630211,뱀파이어 퀸,10209,3.5319
1,630211,데빌,10209,3.5319
1,630211,스켈레톤 나이트,10209,3.5319
1,630211,뮤,10209,0.8562
1,630211,노움,10209,3.5319
1,630211,오크 전사,10209,3.5319
1,630211,트롤,10209,3.5319
1,630211,루움,10209,3.5319
1,630211,본보우 아크리언,10209,3.5319
1,630211,메테오스 레인저,10209,3.5319
1,630211,임프,10209,3.5319
1,630211,뱅갈 나이트,10209,3.5319
1,630211,바바야가,10209,3.5318
1,630211,메테오스 쉐도우,10209,3.5318
1,630211,트로글다이트,10209,3.5318
1,630211,곰인형,10209,3.5318
1,630211,문엘프 전사,10209,3.5318
1,630211,문엘프 마법사,10209,3.5318
1,630211,레프리컨,10209,0.2639
1,630211,몽크마스터,10209,0.2639
1,630211,래서 아스타로트,10209,0.2639
1,630211,드래곤 나이트,10209,0.2639
1,630211,노아스,10209,0.2639
1,630211,엘라임,10209,0.2614
1,630211,크루얼 크루세이더,10209,0.2614
1,630211,퓨리,10209,0.2614
1,630211,광휘의 엘윈더,10209,0.1966
1,630211,수호자 엘리엇,10209,0.2614
1,630211,래서 루시퍼,10209,0.2614
1,630211,드래곤 나이트 아처,10209,0.2614
1,630211,님로드 크루세이더,10209,0.2614
1,630211,광휘의 엘로라,10209,0.2614
1,630211,파이어 데몬,10209,0.2614
1,630211,슈리엘,10209,0.2614
1,630211,네크로맨서,10209,0.2614
1,630211,쉐이드 웨폰,10209,0.2614
1,630211,시아페,10209,0.2614
1,630211,골든 엠페러,10209,0.2614
1,630211,레이커,10209,0.2614
1,630211,타락한 엘프,10209,0.2614
1,630211,데스마스터,10209,0.1966
1,630211,문라이트 네메시스,10209,0.2614
1,630211,가이아,10209,0.2614
1,630211,수호자 엘리시스,10209,0.1966
1,630211,골든 엠페러 아처,10209,0.2614
1,630211,타락한 엘프 아처,10209,0.2614
1,630211,데스마스터 아처,10209,0.1966
1,630211,스핀들 네메시스,10209,0.2614
1,630211,가이아 거너,10209,0.2614
1,630211,미드나잇 셀린느,10209,0.1966
1,630211,캡틴 라이칸,10209,0.1966
1,630211,프린세스,10209,0.1966
1,630211,차크람 소녀,10209,0.2614
1,630211,체인 인큐버스,10209,0.0647
1,630211,헌터 노바,10209,0.1966
1,630211,길가메쉬 나이트,10209,0.2614
1,630211,길가메쉬 아처,10209,0.2614
1,630211,바바리안,10209,0.2614
1,630211,에리세드,10209,0.2614
1,630211,아스모데우스,10209,0.1966
1,630211,글래디에이터,10209,0.2614
1,630211,아크데몬,10209,0.2588
1,630211,아수라,10209,0.2588
1,630211,헤라클레스,10209,0.2588
1,630211,라르카 집정관,10209,0.2588
1,630211,리치 킹,10209,0.2588
1,630211,황천의 기사,10209,0.2588
1,630211,황천의 레인저,10209,0.2588
1,630211,그룸프,10209,0.1942
1,630211,캐서린,10209,0.1942
1,630211,렉스,10209,0.2562
1,630211,나이트 오브 퀸,10209,0.062
1,630211,나디아,10209,0.062
1,630211,파이어 워크스,10209,0.062
1,630211,시리아,10209,0.0619
1,630211,디아나,10209,0.0619
1,630211,트루디,10209,0.0619
1,630211,시에나,10209,0.1942
1,630211,코사르,10209,0.1942
1,630211,센토,10209,0.1942
1,630211,파시에,10209,0.0619
1,630211,베자렐,10209,0.0619
1,630211,벨라,10209,0.0619
1,630211,아니타,10209,0.0619
1,630211,카사,10209,0.0619
1,630211,캐스퍼,10209,0.0619
1,630211,베르디,10209,0.0619
1,630211,블러디 뱀파이어,10209,0.0619
1,630210,레프리컨,10208,1.6338
1,630210,몽크마스터,10208,1.6338
1,630210,래서 아스타로트,10208,1.6338
1,630210,드래곤 나이트,10208,1.6338
1,630210,노아스,10208,1.6338
1,630210,엘라임,10208,1.6176
1,630210,크루얼 크루세이더,10208,1.6176
1,630210,퓨리,10208,1.6176
1,630210,광휘의 엘윈더,10208,1.2173
1,630210,수호자 엘리엇,10208,1.6176
1,630210,래서 루시퍼,10208,1.6176
1,630210,드래곤 나이트 아처,10208,1.6176
1,630210,님로드 크루세이더,10208,1.6176
1,630210,광휘의 엘로라,10208,1.6176
1,630210,파이어 데몬,10208,1.6176
1,630210,슈리엘,10208,1.6176
1,630210,네크로맨서,10208,1.6176
1,630210,쉐이드 웨폰,10208,1.6176
1,630210,시아페,10208,1.6176
1,630210,골든 엠페러,10208,1.6176
1,630210,레이커,10208,1.6176
1,630210,타락한 엘프,10208,1.6176
1,630210,데스마스터,10208,1.2172
1,630210,문라이트 네메시스,10208,1.6176
1,630210,가이아,10208,1.6176
1,630210,수호자 엘리시스,10208,1.2172
1,630210,골든 엠페러 아처,10208,1.6176
1,630210,타락한 엘프 아처,10208,1.6176
1,630210,데스마스터 아처,10208,1.2172
1,630210,스핀들 네메시스,10208,1.6176
1,630210,가이아 거너,10208,1.6176
1,630210,미드나잇 셀린느,10208,1.2172
1,630210,캡틴 라이칸,10208,1.2172
1,630210,프린세스,10208,1.2172
1,630210,차크람 소녀,10208,1.6176
1,630210,체인 인큐버스,10208,0.4004
1,630210,헌터 노바,10208,1.2172
1,630210,길가메쉬 나이트,10208,1.6176
1,630210,길가메쉬 아처,10208,1.6176
1,630210,바바리안,10208,1.6176
1,630210,에리세드,10208,1.6176
1,630210,아스모데우스,10208,1.2172
1,630210,글래디에이터,10208,1.6176
1,630210,아크데몬,10208,1.6017
1,630210,아수라,10208,1.6017
1,630210,헤라클레스,10208,1.6017
1,630210,라르카 집정관,10208,1.6017
1,630210,리치 킹,10208,1.6017
1,630210,황천의 기사,10208,1.6017
1,630210,황천의 레인저,10208,1.6017
1,630210,그룸프,10208,1.2012
1,630210,캐서린,10208,1.2012
1,630210,렉스,10208,1.5856
1,630210,나이트 오브 퀸,10208,0.3843
1,630210,나디아,10208,0.3843
1,630210,파이어 워크스,10208,0.3843
1,630210,시리아,10208,0.3843
1,630210,디아나,10208,0.3843
1,630210,트루디,10208,0.3843
1,630210,시에나,10208,1.2012
1,630210,코사르,10208,1.2012
1,630210,센토,10208,1.2012
1,630210,파시에,10208,0.3843
1,630210,베자렐,10208,0.3843
1,630210,벨라,10208,0.3843
1,630210,아니타,10208,0.3843
1,630210,카사,10208,0.3843
1,630210,캐스퍼,10208,0.3843
1,630210,베르디,10208,0.3843
1,630210,블러디 뱀파이어,10208,0.3843
1,630210,다크 나이트,10208,0.1234
1,630210,메타트론 아처,10208,0.2589
1,630210,데빌헌터,10208,0.1234
1,630210,메타트론,10208,0.2589
1,630210,아폴론,10208,0.2589
1,630210,이프리트,10208,0.074
1,630210,아르테미스,10208,0.2589
1,630210,다크 스팅어,10208,0.1234
1,630210,엘더 스팅어,10208,0.1234
1,630210,듀라한,10208,0.074
1,630210,크로노스,10208,0.2589
1,630210,오페르시나,10208,0.2589
1,630210,크로노스 아처,10208,0.2466
1,630210,오페르시나 아처,10208,0.2466
1,630210,비숍,10208,0.2466
1,630210,에리스,10208,0.2466
1,630210,발키리,10208,0.1234
1,630210,암살단 암흑,10208,0.2466
1,630210,넵튠,10208,0.2466
1,630210,넵튠 아처,10208,0.2466
1,630210,암살단 칠흑,10208,0.2466
1,630210,다크 메이지,10208,0.1234
1,630210,네케브,10208,0.2466
1,630210,바알베크의 사령관,10208,0.2466
1,630210,유피테르의 사념,10208,0.2466
1,630210,엘사라드,10208,0.2466
1,630210,아바돈,10208,0.2466
1,630210,아누비스,10208,0.2466
1,630210,여신 칼리,10208,0.1233
1,630210,센티넬,10208,0.2466
1,630210,엠퍼사이저,10208,0.2466
1,630210,각성한 라르카,10208,0.1233
1,630210,스나이퍼 로즈레인,10208,0.1233
1,630210,카오스 가디언,10208,0.1233
1,630210,수라,10208,0.2466
1,630210,베놈리퍼,10208,0.1233
1,630210,다크 어쌔신,10208,0.1233
1,630210,오페르시나 어쌔신,10208,0.2466
1,630210,메타트론 어쌔신,10208,0.2466
1,630210,넵튠 슬레이어,10208,0.2466
1,630210,암살단 일격,10208,0.2466
1,630210,바알베크의 집행관,10208,0.2466
1,630210,미드나잇 아르테미스,10208,0.2466
1,630210,이자벨,10208,0.1233
1,630210,카를로스,10208,0.1233
1,630210,미드나잇 에르메스,10208,0.1233
1,630210,제롬,10208,0.1233
1,630210,휠카셀,10208,0.2466
1,630210,엘로이,10208,0.074
1,630210,레오넬,10208,0.1233
1,630210,아델리아,10208,0.1233
1,630210,이안,10208,0.1233
1,630210,팔란,10208,0.1233
1,630210,로드 오브 아크리언,10208,0.0617
1,630210,릴리언스,10208,0.0617
1,630210,릴리아,10208,0.0617
1,630210,리치 나이트,10208,0.1233
1,630210,라르카 강궁병,10208,0.1233
1,630210,릴리안,10208,0.111
1,630210,라르카 집행자,10208,0.111
1,630210,러셀,10208,0.0617
1,630210,아레스 아처,10208,0.0617
1,630210,실피드,10208,0.0617
1,630207,인퍼날,10205,3.4249
1,630207,버서커,10205,3.4249
1,630207,가고일,10205,3.4249
1,630207,데몬 스토커,10205,3.4249
1,630207,캐노네이드 키틴,10205,3.4249
1,630207,데몬,10205,3.4249
1,630207,러스트 뱀파이어,10205,3.4249
1,630207,뱀파이어 퀸,10205,3.4249
1,630207,데빌,10205,3.4249
1,630207,스켈레톤 나이트,10205,3.4249
1,630207,뮤,10205,3.4249
1,630207,노움,10205,3.4249
1,630207,오크 전사,10205,3.4249
1,630207,트롤,10205,3.4249
1,630207,루움,10205,3.4249
1,630207,본보우 아크리언,10205,3.4248
1,630207,메테오스 레인저,10205,3.4248
1,630207,임프,10205,3.4248
1,630207,뱅갈 나이트,10205,3.4248
1,630207,바바야가,10205,3.4248
1,630207,메테오스 쉐도우,10205,3.4248
1,630207,트로글다이트,10205,3.4248
1,630207,곰인형,10205,3.4248
1,630207,문엘프 전사,10205,3.4248
1,630207,문엘프 마법사,10205,3.4248
1,630207,레프리컨,10205,0.3149
1,630207,몽크마스터,10205,0.3149
1,630207,래서 아스타로트,10205,0.3149
1,630207,드래곤 나이트,10205,0.3149
1,630207,크루얼 크루세이더,10205,0.3149
1,630207,퓨리,10205,0.3149
1,630207,광휘의 엘윈더,10205,0.1725
1,630207,수호자 엘리엇,10205,0.3149
1,630207,래서 루시퍼,10205,0.3149
1,630207,드래곤 나이트 아처,10205,0.3149
1,630207,님로드 크루세이더,10205,0.3149
1,630207,광휘의 엘로라,10205,0.3149
1,630207,파이어 데몬,10205,0.3148
1,630207,네크로맨서,10205,0.3148
1,630207,쉐이드 웨폰,10205,0.3148
1,630207,시아페,10205,0.3148
1,630207,골든 엠페러,10205,0.3148
1,630207,레이커,10205,0.3148
1,630207,타락한 엘프,10205,0.3148
1,630207,데스마스터,10205,0.1725
1,630207,문라이트 네메시스,10205,0.3148
1,630207,가이아,10205,0.3148
1,630207,수호자 엘리시스,10205,0.1725
1,630207,골든 엠페러 아처,10205,0.3148
1,630207,타락한 엘프 아처,10205,0.3148
1,630207,데스마스터 아처,10205,0.1725
1,630207,스핀들 네메시스,10205,0.3148
1,630207,가이아 거너,10205,0.3148
1,630207,미드나잇 셀린느,10205,0.1725
1,630207,캡틴 라이칸,10205,0.1725
1,630207,프린세스,10205,0.1725
1,630207,차크람 소녀,10205,0.3148
1,630207,헌터 노바,10205,0.1725
1,630207,길가메쉬 나이트,10205,0.3148
1,630207,길가메쉬 아처,10205,0.3148
1,630207,바바리안,10205,0.3148
1,630207,에리세드,10205,0.3148
1,630207,아스모데우스,10205,0.1725
1,630207,글래디에이터,10205,0.3148
1,630207,아크데몬,10205,0.3148
1,630207,아수라,10205,0.3148
1,630207,헤라클레스,10205,0.3148
1,630207,라르카 집정관,10205,0.3148
1,630207,리치 킹,10205,0.3148
1,630207,황천의 기사,10205,0.3148
1,630207,황천의 레인저,10205,0.3148
1,630207,그룸프,10205,0.1725
1,630207,캐서린,10205,0.1725
1,630207,렉스,10205,0.3148
1,630207,시에나,10205,0.1725
1,630207,코사르,10205,0.1725
1,630207,센토,10205,0.1725
1,660300,뚱냥,10300,9.881
1,660300,가고일,10300,9.881
1,660300,와이번,10300,9.881
1,660300,인형 테디,10300,9.881
1,660300,인형 레비,10300,9.881
1,660300,로간,10300,9.881
1,660300,녹튜,10300,9.881
1,660300,플라틀,10300,9.881
1,660300,레이지,10300,9.881
1,660300,맨드라퀸,10300,9.881
1,660300,이그리트,10300,0.0446
1,660300,레비아탄,10300,0.0446
1,660300,테이아,10300,0.0446
1,660300,웬투스,10300,0.0446
1,660300,루멘,10300,0.0446
1,660300,칼리고,10300,0.0446
1,660300,켈베로스,10300,0.0446
1,660300,스피릿 매지션,10300,0.0446
1,660300,엠퍼,10300,0.0446
1,660300,팬텀,10300,0.0446
1,660300,라이칸,10300,0.0446
1,660300,찰스,10300,0.0338
1,660300,미노타우르스,10300,0.0446
1,660300,마법인형 벡,10300,0.0444
1,660300,마법인형 알레브,10300,0.0444
1,660300,혼돈의 유니콘,10300,0.0444
1,660300,질서의 유니콘,10300,0.0444
1,660300,그라둔,10300,0.0444
1,660300,스핑크스,10300,0.0444
1,660300,폴라베어,10300,0.0444
1,660300,화과산 돌 원숭이,10300,0.0444
1,660300,땅의 정령,10300,0.0444
1,660300,물의 정령,10300,0.0444
1,660300,바람의 정령,10300,0.0444
1,660300,불의 정령,10300,0.0444
1,660300,쌍둥이 창병 폴,10300,0.003
1,660300,쌍둥이 창병 암,10300,0.003
1,660300,화염의 이그리트,10300,0.0086
1,660300,심해의 레비아탄,10300,0.0086
1,660300,황야의 테이아,10300,0.0086
1,660300,돌풍의 웬투스,10300,0.0086
1,660300,홍염의 루멘,10300,0.0086
1,660300,월광의 칼리고,10300,0.0086
1,660300,제천대성 오공,10300,0.003
1,660300,대지의 고일,10300,0.003
1,660300,라르카의 마법인형,10300,0.0029
1,660300,듀라한,10300,0.0029
1,660300,리치 퀸,10300,0.0029
1,660300,스켈레톤 킹,10300,0.0029
1,660300,지휘관 투랑카,10300,0.0029
1,660300,추장 오크볼그,10300,0.0029
1,660300,여왕 마브,10300,0.0029
1,660300,푸른 달의 헤이크단,10300,0.0014
1,660300,해방된 헬게이트 가디언,10300,0.0029
1,660202,뚱냥,10201,9.762
1,660202,가고일,10201,9.762
1,660202,와이번,10201,9.762
1,660202,인형 테디,10201,9.762
1,660202,인형 레비,10201,9.762
1,660202,로간,10201,9.762
1,660202,녹튜,10201,9.762
1,660202,플라틀,10201,9.762
1,660202,레이지,10201,9.762
1,660202,맨드라퀸,10201,9.762
1,660202,이그리트,10201,0.1062
1,660202,레비아탄,10201,0.1062
1,660202,테이아,10201,0.1062
1,660202,웬투스,10201,0.1061
1,660202,루멘,10201,0.1061
1,660202,칼리고,10201,0.1061
1,660202,켈베로스,10201,0.1061
1,660202,스피릿 매지션,10201,0.1061
1,660202,엠퍼,10201,0.1061
1,660202,팬텀,10201,0.1061
1,660202,라이칸,10201,0.1061
1,660202,찰스,10201,0.0813
1,660202,미노타우르스,10201,0.1061
1,660202,마법인형 벡,10201,0.1061
1,660202,마법인형 알레브,10201,0.1061
1,660202,혼돈의 유니콘,10201,0.1061
1,660202,질서의 유니콘,10201,0.1061
1,660202,그라둔,10201,0.1061
1,660202,스핑크스,10201,0.1061
1,660202,폴라베어,10201,0.1061
1,660202,화과산 돌 원숭이,10201,0.1061
1,660202,쌍둥이 창병 폴,10201,0.0058
1,660202,쌍둥이 창병 암,10201,0.0058
1,660202,화염의 이그리트,10201,0.0171
1,660202,심해의 레비아탄,10201,0.0171
1,660202,황야의 테이아,10201,0.0171
1,660202,돌풍의 웬투스,10201,0.0171
1,660202,홍염의 루멘,10201,0.0171
1,660202,월광의 칼리고,10201,0.0171
1,660202,제천대성 오공,10201,0.0057
1,660202,대지의 고일,10201,0.0057
1,660202,라르카의 마법인형,10201,0.0057
1,660202,듀라한,10201,0.0057
1,660202,리치 퀸,10201,0.0057
1,660202,스켈레톤 킹,10201,0.0057
1,660202,지휘관 투랑카,10201,0.0056
1,660202,추장 오크볼그,10201,0.0056
1,660202,여왕 마브,10201,0.0056
1,660202,푸른 달의 헤이크단,10201,0.0056
1,660202,해방된 헬게이트 가디언,10201,0.0056
1,660206,이그리트,10204,3.7084
1,660206,레비아탄,10204,3.7084
1,660206,테이아,10204,3.7084
1,660206,웬투스,10204,3.7084
1,660206,루멘,10204,3.7084
1,660206,칼리고,10204,3.7084
1,660206,켈베로스,10204,3.7084
1,660206,스피릿 매지션,10204,3.7084
1,660206,엠퍼,10204,3.7083
1,660206,팬텀,10204,3.7083
1,660206,라이칸,10204,3.7083
1,660206,미노타우르스,10204,3.7083
1,660206,마법인형 벡,10204,3.7083
1,660206,마법인형 알레브,10204,3.7083
1,660206,혼돈의 유니콘,10204,3.7083
1,660206,질서의 유니콘,10204,3.7083
1,660206,그라둔,10204,3.7083
1,660206,스핑크스,10204,3.7083
1,660206,폴라베어,10204,3.7083
1,660206,화과산 돌 원숭이,10204,3.7083
1,660206,땅의 정령,10204,3.7083
1,660206,물의 정령,10204,3.7083
1,660206,바람의 정령,10204,3.7083
1,660206,불의 정령,10204,3.7083
1,660206,쌍둥이 창병 폴,10204,0.3839
1,660206,쌍둥이 창병 암,10204,0.3839
1,660206,화염의 이그리트,10204,1.0336
1,660206,심해의 레비아탄,10204,1.0336
1,660206,황야의 테이아,10204,1.0336
1,660206,돌풍의 웬투스,10204,1.0336
1,660206,홍염의 루멘,10204,1.0336
1,660206,월광의 칼리고,10204,1.0336
1,660206,제천대성 오공,10204,0.3839
1,660206,대지의 고일,10204,0.3839
1,660206,라르카의 마법인형,10204,0.3839
1,660206,듀라한,10204,0.3839
1,660206,리치 퀸,10204,0.3839
1,660206,스켈레톤 킹,10204,0.3839
1,660206,지휘관 투랑카,10204,0.3839
1,660206,추장 오크볼그,10204,0.3839
1,660206,여왕 마브,10204,0.3838
1,660206,푸른 달의 헤이크단,10204,0.1918
1,660206,해방된 헬게이트 가디언,10204,0.3838
1,630803,그리헨텔,10402,12.5
1,630803,그리헨텔 아처,10402,12.5
1,630803,그리헨텔 위저드,10402,12.5
1,630803,그리헨텔 어쌔신,10402,12.5
1,630803,메테오스,10402,12.5
1,630803,메테오스 아처,10402,12.5
1,630803,메테오스 위저드,10402,12.5
1,630803,메테오스 어쌔신,10402,12.5
